State or geographic area,Year,Beer,Wine,Spirits,All beverages,U.S. decile for all beverages,,
AL,2015,1.12,0.25,0.64,2,9,,
AL,2014,1.13,0.25,0.62,1.99,9,,
AL,2013,1.14,0.25,0.6,1.99,9,,
AL,2012,1.16,0.24,0.6,2,9,,
AL,2011,1.14,0.24,0.59,1.97,9,,
AL,2010,1.16,0.23,0.58,1.97,9,,
AL,2009,1.18,0.22,0.57,1.98,9,,
AL,2008,1.22,0.22,0.57,2.01,9,,
AL,2007,1.23,0.22,0.55,1.99,9,,
AL,2006,1.21,0.21,0.54,1.95,9,,AL
AL,2005,1.17,0.2,0.53,1.9,9,,
AL,2004,1.19,0.2,0.52,1.91,9,,
AL,2003,1.19,0.19,0.52,1.9,9,,
AL,2002,1.18,0.21,0.54,1.92,9,,
AL,2001,1.16,0.17,0.53,1.86,9,,
AL,2000,1.19,0.18,0.51,1.88,9,,
AL,1999,1.18,0.17,0.51,1.87,9,,
AL,1998,1.16,0.17,0.51,1.85,9,,
AL,1997,1.14,0.16,0.52,1.82,9,,
AL,1996,1.17,0.18,0.53,1.88,9,,
AL,1995,1.14,0.16,0.53,1.82,9,,
AL,1994,1.16,0.17,0.54,1.87,9,,
AL,1993,1.14,0.17,0.56,1.86,9,,
AL,1992,1.02,0.19,0.59,1.79,10,,
AL,1991,1,0.17,0.59,1.76,10,,
AL,1990,1.12,0.18,0.61,1.92,9,,
AL,1989,1.12,0.17,0.61,1.9,9,,
AL,1988,1.12,0.19,0.62,1.92,9,,
AL,1987,1.11,0.18,0.62,1.91,9,,
AL,1986,1.1,0.18,0.65,1.92,9,,
AL,1985,1.07,0.17,0.67,1.92,9,,
AL,1984,1.03,0.19,0.69,1.91,9,,
AL,1983,1.01,0.17,0.72,1.9,10,,
AL,1982,1,0.18,0.72,1.9,10,,
AL,1981,1,0.19,0.73,1.91,10,,
AL,1980,0.95,0.16,0.74,1.86,10,,
AL,1979,0.96,0.12,0.82,1.9,10,,
AL,1978,0.95,0.12,0.85,1.92,9,,
AL,1977,0.97,0.12,0.82,1.92,9,,
AK,2015,1.11,0.53,1.2,2.84,2,,
AK,2014,1.11,0.52,1.16,2.79,3,,
AK,2013,1.07,0.52,1.16,2.75,3,,
AK,2012,1.17,0.53,1.13,2.83,2,,
AK,2011,1.15,0.54,1.17,2.86,2,,
AK,2010,1.23,0.55,1.25,3.03,1,,
AK,2009,1.32,0.54,1.16,3.02,1,,
AK,2008,1.2,0.49,1.09,2.78,2,,
AK,2007,1.13,0.44,0.96,2.53,4,,
AK,2006,1.25,0.47,1.03,2.75,2,,
AK,2005,1.23,0.43,0.98,2.64,2,,
AK,2004,1.31,0.44,0.95,2.71,2,,
AK,2003,1.27,0.37,0.79,2.43,4,,
AK,2002,1.35,0.45,1.19,2.99,1,,
AK,2001,1.32,0.38,0.96,2.67,2,,
AK,2000,1.34,0.37,0.94,2.66,2,,
AK,1999,1.45,0.38,0.95,2.78,1,,
AK,1998,1.37,0.37,0.95,2.69,2,,
AK,1997,1.31,0.36,0.88,2.56,2,,
AK,1996,1.31,0.38,0.94,2.63,2,,
AK,1995,1.45,0.39,1.02,2.86,1,,
AK,1994,1.53,0.4,1.1,3.03,1,,
AK,1993,1.31,0.32,0.92,2.55,2,,
AK,1992,1.53,0.41,1.08,3.02,1,,
AK,1991,1.54,0.43,1.14,3.11,1,,
AK,1990,1.62,0.46,1.25,3.33,1,,
AK,1989,1.52,0.44,1.19,3.15,1,,
AK,1988,1.54,0.47,1.19,3.21,1,,
AK,1987,1.6,0.52,1.26,3.38,1,,
AK,1986,1.65,0.55,1.25,3.45,1,,
AK,1985,1.63,0.56,1.48,3.68,1,,
AK,1984,1.67,0.56,1.5,3.72,1,,
AK,1983,1.71,0.59,1.65,3.95,1,,
AK,1982,1.69,0.54,1.68,3.92,1,,
AK,1981,1.68,0.56,1.79,4.02,1,,
AK,1980,1.54,0.5,1.68,3.72,1,,
AK,1979,1.48,0.46,1.63,3.58,1,,
AK,1978,1.39,0.45,1.67,3.51,1,,
AK,1977,1.19,0.42,1.69,3.3,2,,
AZ,2015,1.16,0.4,0.78,2.34,6,,
AZ,2014,1.18,0.4,0.79,2.37,5,,
AZ,2013,1.12,0.42,0.81,2.35,5,,
AZ,2012,1.14,0.45,0.84,2.43,5,,
AZ,2011,1.15,0.44,0.8,2.39,5,,
AZ,2010,1.23,0.41,0.76,2.39,5,,
AZ,2009,1.22,0.39,0.77,2.38,5,,
AZ,2008,1.3,0.41,0.77,2.48,5,,
AZ,2007,1.39,0.34,0.78,2.51,4,,
AZ,2006,1.34,0.38,0.79,2.51,4,,
AZ,2005,1.35,0.4,0.76,2.51,3,,
AZ,2004,1.4,0.34,0.71,2.44,4,,
AZ,2003,1.41,0.37,0.71,2.49,3,,
AZ,2002,1.46,0.33,0.69,2.48,3,,
AZ,2001,1.47,0.33,0.7,2.5,3,,
AZ,2000,1.48,0.31,0.71,2.5,3,,
AZ,1999,1.47,0.34,0.69,2.51,2,,
AZ,1998,1.44,0.33,0.68,2.45,2,,
AZ,1997,1.45,0.31,0.68,2.44,2,,
AZ,1996,1.52,0.33,0.73,2.58,2,,
AZ,1995,1.47,0.29,0.68,2.44,3,,
AZ,1994,1.52,0.29,0.7,2.5,2,,
AZ,1993,1.58,0.27,0.76,2.62,2,,
AZ,1992,1.58,0.31,0.8,2.69,2,,
AZ,1991,1.58,0.35,0.78,2.71,2,,
AZ,1990,1.59,0.37,0.8,2.77,3,,
AZ,1989,1.63,0.35,0.83,2.81,2,,
AZ,1988,1.6,0.41,0.86,2.87,2,,
AZ,1987,1.64,0.45,0.84,2.93,2,,
AZ,1986,1.74,0.45,0.9,3.09,2,,
AZ,1985,1.66,0.45,0.99,3.11,2,,
AZ,1984,1.55,0.44,1.05,3.04,3,,
AZ,1983,1.6,0.43,0.99,3.02,3,,
AZ,1982,1.71,0.39,0.98,3.07,3,,
AZ,1981,1.76,0.42,1,3.18,3,,
AZ,1980,1.68,0.36,0.97,3.01,4,,
AZ,1979,1.71,0.36,1.07,3.15,3,,
AZ,1978,1.66,0.35,1.03,3.04,3,,
AZ,1977,1.6,0.32,0.99,2.92,3,,
AR,2015,0.97,0.22,0.65,1.83,10,,
AR,2014,0.96,0.21,0.62,1.79,10,,
AR,2013,1,0.2,0.6,1.81,10,,
AR,2012,1,0.2,0.6,1.81,10,,
AR,2011,0.98,0.18,0.56,1.72,10,,
AR,2010,1.01,0.19,0.57,1.77,10,,
AR,2009,1.03,0.17,0.57,1.78,10,,
AR,2008,1.05,0.17,0.55,1.77,10,,
AR,2007,1.02,0.15,0.51,1.69,10,,
AR,2006,1.05,0.16,0.54,1.75,10,,
AR,2005,1.03,0.15,0.5,1.67,10,,
AR,2004,1.04,0.15,0.49,1.68,10,,
AR,2003,1.06,0.14,0.56,1.77,10,,
AR,2002,1.09,0.14,0.53,1.75,10,,
AR,2001,1.08,0.13,0.53,1.74,10,,
AR,2000,1.09,0.12,0.53,1.74,10,,
AR,1999,1.09,0.12,0.54,1.75,10,,
AR,1998,1.1,0.11,0.51,1.73,10,,
AR,1997,1.08,0.12,0.52,1.72,10,,
AR,1996,1.1,0.12,0.53,1.75,9,,
AR,1995,1.08,0.11,0.51,1.7,10,,
AR,1994,1.06,0.13,0.46,1.65,10,,
AR,1993,1.1,0.11,0.58,1.79,9,,
AR,1992,1.13,0.12,0.65,1.9,9,,
AR,1991,1.12,0.11,0.58,1.81,9,,
AR,1990,1.12,0.13,0.61,1.86,9,,
AR,1989,1.1,0.13,0.58,1.82,9,,
AR,1988,1.09,0.14,0.54,1.78,10,,
AR,1987,1.09,0.11,0.53,1.74,10,,
AR,1986,1.08,0.09,0.49,1.65,10,,
AR,1985,1.04,0.13,0.59,1.77,10,,
AR,1984,1.03,0.12,0.64,1.8,10,,
AR,1983,1.03,0.13,0.63,1.79,10,,
AR,1982,1.03,0.12,0.63,1.78,10,,
AR,1981,1.06,0.12,0.68,1.86,10,,
AR,1980,1,0.12,0.68,1.81,10,,
AR,1979,0.9,0.09,0.55,1.54,10,,
AR,1978,0.95,0.11,0.71,1.76,10,,
AR,1977,0.89,0.1,0.61,1.61,10,,
CA,2015,0.99,0.53,0.75,2.27,6,,
CA,2014,0.99,0.6,0.73,2.32,6,,
CA,2013,0.98,0.6,0.74,2.32,6,,
CA,2012,0.98,0.62,0.74,2.35,6,,
CA,2011,0.95,0.58,0.72,2.25,7,,
CA,2010,0.97,0.49,0.71,2.16,8,,
CA,2009,1.01,0.57,0.7,2.28,7,,
CA,2008,1.05,0.55,0.7,2.3,6,,
CA,2007,1.06,0.54,0.7,2.3,6,,
CA,2006,1.02,0.56,0.7,2.29,6,,
CA,2005,1.03,0.54,0.69,2.26,6,,
CA,2004,1.06,0.52,0.67,2.25,6,,
CA,2003,1.07,0.51,0.65,2.23,6,,
CA,2002,1.08,0.49,0.64,2.2,6,,
CA,2001,1.08,0.48,0.63,2.19,6,,
CA,2000,1.07,0.48,0.64,2.2,6,,
CA,1999,1.1,0.48,0.62,2.2,6,,
CA,1998,1.1,0.49,0.61,2.2,6,,
CA,1997,1.12,0.52,0.62,2.26,5,,
CA,1996,1.11,0.5,0.64,2.25,5,,
CA,1995,1.14,0.46,0.63,2.23,5,,
CA,1994,1.09,0.47,0.68,2.24,5,,
CA,1993,1.17,0.48,0.69,2.35,4,,
CA,1992,1.28,0.51,0.75,2.54,3,,
CA,1991,1.22,0.49,0.75,2.46,4,,
CA,1990,1.32,0.59,0.87,2.78,2,,
CA,1989,1.29,0.6,0.85,2.75,3,,
CA,1988,1.32,0.67,0.88,2.86,3,,
CA,1987,1.35,0.73,0.92,3,2,,
CA,1986,1.35,0.78,0.95,3.08,2,,
CA,1985,1.32,0.78,1.02,3.11,2,,
CA,1984,1.37,0.73,1.06,3.16,2,,
CA,1983,1.36,0.74,1.1,3.21,2,,
CA,1982,1.37,0.72,1.13,3.22,3,,
CA,1981,1.43,0.72,1.2,3.35,2,,
CA,1980,1.41,0.71,1.24,3.36,2,,
CA,1979,1.39,0.68,1.25,3.32,2,,
CA,1978,1.33,0.67,1.29,3.28,2,,
CA,1977,1.29,0.65,1.25,3.19,2,,
CO,2015,1.12,0.51,1.14,2.77,3,,
CO,2014,1.14,0.51,1.11,2.76,3,,
CO,2013,1.2,0.5,1.11,2.81,3,,
CO,2012,1.15,0.52,1.08,2.76,3,,
CO,2011,1.2,0.49,1.04,2.73,3,,
CO,2010,1.22,0.48,1.01,2.71,2,,
CO,2009,1.23,0.46,1.01,2.7,2,,
CO,2008,1.28,0.47,1.02,2.77,2,,
CO,2007,1.3,0.47,1.01,2.78,2,,
CO,2006,1.29,0.45,0.98,2.72,2,,
CO,2005,1.31,0.42,0.99,2.72,2,,
CO,2004,1.3,0.43,0.95,2.68,2,,
CO,2003,1.33,0.4,0.87,2.6,2,,
CO,2002,1.35,0.39,0.9,2.64,2,,
CO,2001,1.42,0.41,0.96,2.78,1,,
CO,2000,1.35,0.37,0.89,2.6,2,,
CO,1999,1.33,0.37,0.75,2.45,3,,
CO,1998,1.33,0.37,0.83,2.53,2,,
CO,1997,1.3,0.37,0.81,2.48,2,,
CO,1996,1.36,0.37,0.84,2.57,2,,
CO,1995,1.34,0.35,0.78,2.47,2,,
CO,1994,1.36,0.35,0.84,2.55,2,,
CO,1993,1.4,0.36,0.86,2.63,2,,
CO,1992,1.34,0.36,0.81,2.52,3,,
CO,1991,1.39,0.35,0.87,2.61,3,,
CO,1990,1.35,0.29,0.75,2.39,6,,
CO,1989,1.42,0.38,0.85,2.64,3,,
CO,1988,1.44,0.4,0.92,2.76,3,,
CO,1987,1.45,0.45,0.94,2.84,3,,
CO,1986,1.49,0.47,0.95,2.9,3,,
CO,1985,1.48,0.5,1.18,3.17,2,,
CO,1984,1.51,0.46,1.12,3.1,2,,
CO,1983,1.57,0.46,1.12,3.15,3,,
CO,1982,1.63,0.46,1.17,3.26,2,,
CO,1981,1.62,0.44,1.26,3.32,2,,
CO,1980,1.56,0.46,1.31,3.33,2,,
CO,1979,1.63,0.46,1.33,3.42,2,,
CO,1978,1.6,0.46,1.39,3.46,2,,
CO,1977,1.4,0.36,1.19,2.95,3,,
CT,2015,0.84,0.61,0.95,2.41,5,,
CT,2014,0.84,0.6,0.92,2.36,6,,
CT,2013,0.85,0.61,0.91,2.37,5,,
CT,2012,0.86,0.61,0.91,2.39,6,,
CT,2011,0.86,0.62,0.88,2.35,5,,
CT,2010,0.88,0.6,0.87,2.35,5,,
CT,2009,0.88,0.59,0.85,2.31,6,,
CT,2008,0.93,0.58,0.85,2.36,6,,
CT,2007,0.92,0.57,0.84,2.33,6,,
CT,2006,0.93,0.56,0.81,2.3,6,,
CT,2005,0.9,0.54,0.79,2.23,6,,
CT,2004,0.93,0.53,0.79,2.25,6,,
CT,2003,0.93,0.52,0.78,2.23,6,,
CT,2002,0.95,0.5,0.75,2.21,6,,
CT,2001,0.95,0.5,0.74,2.19,6,,
CT,2000,0.94,0.49,0.74,2.18,6,,
CT,1999,0.94,0.49,0.75,2.18,6,,
CT,1998,0.96,0.49,0.76,2.21,5,,
CT,1997,0.95,0.48,0.74,2.17,6,,
CT,1996,0.94,0.46,0.72,2.13,6,,
CT,1995,0.97,0.46,0.78,2.21,5,,
CT,1994,0.99,0.43,0.78,2.2,6,,
CT,1993,0.96,0.44,0.8,2.2,6,,
CT,1992,1.01,0.45,0.83,2.3,6,,
CT,1991,1.03,0.43,0.84,2.29,6,,
CT,1990,1.09,0.45,0.92,2.46,6,,
CT,1989,1.07,0.46,0.96,2.5,4,,
CT,1988,1.12,0.5,1.05,2.67,4,,
CT,1987,1.14,0.51,1.1,2.75,3,,
CT,1986,1.11,0.51,1.14,2.76,4,,
CT,1985,1.12,0.5,1.19,2.81,4,,
CT,1984,1.1,0.49,1.19,2.78,5,,
CT,1983,1.1,0.49,1.22,2.8,5,,
CT,1982,1.04,0.49,1.21,2.74,6,,
CT,1981,1.05,0.44,1.18,2.67,6,,
CT,1980,1.06,0.43,1.2,2.69,6,,
CT,1979,1.14,0.4,1.21,2.76,5,,
CT,1978,1.09,0.38,1.21,2.69,6,,
CT,1977,1.06,0.35,1.23,2.64,6,,
DE,2015,1.2,0.72,1.75,3.68,1,,
DE,2014,1.21,0.72,1.66,3.59,1,,
DE,2013,1.25,0.72,1.63,3.59,1,,
DE,2012,1.32,0.69,1.58,3.59,1,,
DE,2011,1.34,0.69,1.52,3.55,1,,
DE,2010,1.36,0.66,1.36,3.38,1,,
DE,2009,1.32,0.65,1.34,3.31,1,,
DE,2008,1.34,0.57,1.23,3.14,1,,
DE,2007,1.37,0.59,1.23,3.18,1,,
DE,2006,1.41,0.59,1.26,3.26,1,,
DE,2005,1.42,0.58,1.24,3.25,1,,
DE,2004,1.42,0.57,1.28,3.27,1,,
DE,2003,1.38,0.57,1.18,3.12,1,,
DE,2002,1.39,0.52,1.1,3.01,1,,
DE,2001,1.39,0.49,1.07,2.94,1,,
DE,2000,1.36,0.48,1.05,2.89,1,,
DE,1999,1.4,0.48,1.03,2.9,1,,
DE,1998,1.41,0.47,1.03,2.91,1,,
DE,1997,1.37,0.46,0.99,2.81,1,,
DE,1996,1.39,0.45,0.94,2.78,1,,
DE,1995,1.3,0.4,0.92,2.62,2,,
DE,1994,1.43,0.38,0.95,2.76,1,,
DE,1993,1.46,0.35,0.95,2.76,1,,
DE,1992,1.4,0.36,0.97,2.73,2,,
DE,1991,1.4,0.35,0.95,2.7,2,,
DE,1990,1.44,0.37,1.14,2.95,2,,
DE,1989,1.43,0.39,1.15,2.96,2,,
DE,1988,1.46,0.41,1.21,3.08,1,,
DE,1987,1.46,0.43,1.23,3.12,2,,
DE,1986,1.46,0.45,1.25,3.16,2,,
DE,1985,1.48,0.41,1.31,3.2,2,,
DE,1984,1.52,0.39,1.29,3.2,2,,
DE,1983,1.55,0.35,1.35,3.25,2,,
DE,1982,1.54,0.34,1.38,3.26,2,,
DE,1981,1.52,0.33,1.4,3.24,3,,
DE,1980,1.44,0.29,1.37,3.11,3,,
DE,1979,1.35,0.26,1.31,2.92,4,,
DE,1978,1.31,0.24,1.3,2.85,4,,
DE,1977,1.3,0.23,1.33,2.86,4,,
DC,2015,1.14,1.01,1.67,3.82,1,,
DC,2014,1.16,1.01,1.67,3.83,1,,
DC,2013,1.17,1.01,1.66,3.84,1,,
DC,2012,1.18,1.01,1.65,3.85,1,,
DC,2011,1.18,1.01,1.62,3.81,1,,
DC,2010,1.22,1,1.61,3.83,1,,
DC,2009,1.26,1,1.62,3.87,1,,
DC,2008,1.35,1.01,1.64,4,1,,
DC,2007,1.37,1,1.63,4,1,,
DC,2006,1.38,0.96,1.6,3.95,1,,
DC,2005,1.4,0.93,1.56,3.9,1,,
DC,2004,1.37,0.91,1.52,3.79,1,,
DC,2003,1.37,0.88,1.51,3.75,1,,
DC,2002,1.36,0.83,1.47,3.66,1,,
DC,2001,1.33,0.79,1.46,3.59,1,,
DC,2000,1.35,0.81,1.45,3.61,1,,
DC,1999,1.37,0.78,1.36,3.51,1,,
DC,1998,1.37,0.78,1.57,3.73,1,,
DC,1997,1.4,0.8,1.61,3.81,1,,
DC,1996,1.42,0.87,1.47,3.76,1,,
DC,1995,1.51,0.77,1.52,3.8,1,,
DC,1994,1.5,0.74,1.52,3.76,1,,
DC,1993,1.51,0.73,1.54,3.78,1,,
DC,1992,1.61,0.7,1.74,4.05,1,,
DC,1991,1.42,0.61,1.85,3.89,1,,
DC,1990,1.42,0.76,1.96,4.14,1,,
DC,1989,1.39,0.82,1.72,3.92,1,,
DC,1988,1.38,0.93,1.9,4.22,1,,
DC,1987,1.41,0.95,2.26,4.62,1,,
DC,1986,1.45,1,2.09,4.54,1,,
DC,1985,1.44,1,2.35,4.8,1,,
DC,1984,1.51,1.07,2.59,5.17,1,,
DC,1983,1.51,1.05,2.71,5.27,1,,
DC,1982,1.46,0.99,2.88,5.33,1,,
DC,1981,1.48,1.05,2.89,5.42,1,,
DC,1980,1.49,0.99,2.94,5.41,1,,
DC,1979,1.42,0.96,2.92,5.3,1,,
DC,1978,1.38,0.91,3.04,5.33,1,,
DC,1977,1.35,0.86,3.16,5.37,1,,
FL,2015,1.11,0.51,0.98,2.6,4,,
FL,2014,1.09,0.51,0.98,2.59,4,,
FL,2013,1.28,0.49,0.95,2.72,3,,
FL,2012,1.26,0.51,0.95,2.72,3,,
FL,2011,1.13,0.49,0.93,2.54,4,,
FL,2010,1.12,0.47,0.91,2.5,4,,
FL,2009,1.19,0.48,0.91,2.58,4,,
FL,2008,1.24,0.48,0.89,2.61,3,,
FL,2007,1.28,0.48,0.92,2.68,3,,
FL,2006,1.32,0.47,0.91,2.7,2,,
FL,2005,1.33,0.46,0.91,2.7,2,,
FL,2004,1.34,0.46,0.88,2.68,2,,
FL,2003,1.31,0.44,0.86,2.61,2,,
FL,2002,1.32,0.43,0.84,2.58,2,,
FL,2001,1.32,0.4,0.82,2.54,2,,
FL,2000,1.32,0.41,0.83,2.56,2,,
FL,1999,1.33,0.4,0.8,2.53,2,,
FL,1998,1.3,0.38,0.79,2.47,2,,
FL,1997,1.34,0.37,0.8,2.51,2,,
FL,1996,1.36,0.37,0.81,2.54,2,,
FL,1995,1.34,0.35,0.82,2.5,2,,
FL,1994,1.4,0.33,0.87,2.6,2,,
FL,1993,1.44,0.33,0.92,2.68,2,,
FL,1992,1.45,0.34,0.96,2.75,1,,
FL,1991,1.43,0.34,0.92,2.69,2,,
FL,1990,1.54,0.39,1.04,2.96,2,,
FL,1989,1.51,0.39,1,2.89,2,,
FL,1988,1.5,0.41,1,2.91,2,,
FL,1987,1.5,0.42,1.03,2.95,2,,
FL,1986,1.5,0.41,1.05,2.96,2,,
FL,1985,1.47,0.41,1.16,3.04,3,,
FL,1984,1.46,0.4,1.23,3.09,2,,
FL,1983,1.55,0.39,1.22,3.16,2,,
FL,1982,1.54,0.4,1.32,3.26,2,,
FL,1981,1.54,0.39,1.37,3.3,3,,
FL,1980,1.4,0.37,1.41,3.18,3,,
FL,1979,1.38,0.34,1.41,3.14,3,,
FL,1978,1.34,0.32,1.4,3.07,3,,
FL,1977,1.27,0.31,1.4,2.99,3,,
GA,2015,1.01,0.25,0.69,1.95,9,,
GA,2014,1.02,0.25,0.69,1.96,9,,
GA,2013,1.03,0.25,0.69,1.97,9,,
GA,2012,1.05,0.25,0.68,1.98,9,,
GA,2011,1.04,0.25,0.67,1.96,9,,
GA,2010,1.07,0.25,0.65,1.97,9,,
GA,2009,1.09,0.25,0.65,1.99,9,,
GA,2008,1.15,0.25,0.65,2.05,8,,
GA,2007,1.18,0.26,0.65,2.09,8,,
GA,2006,1.19,0.26,0.65,2.1,8,,
GA,2005,1.15,0.26,0.64,2.06,8,,
GA,2004,1.19,0.27,0.65,2.1,8,,
GA,2003,1.19,0.26,0.66,2.12,7,,
GA,2002,1.21,0.26,0.66,2.12,7,,
GA,2001,1.19,0.25,0.65,2.09,7,,
GA,2000,1.22,0.25,0.69,2.17,7,,
GA,1999,1.23,0.25,0.7,2.18,6,,
GA,1998,1.21,0.23,0.7,2.14,7,,
GA,1997,1.19,0.23,0.7,2.13,6,,
GA,1996,1.22,0.24,0.71,2.16,6,,
GA,1995,1.2,0.21,0.7,2.11,6,,
GA,1994,1.17,0.21,0.77,2.14,7,,
GA,1993,1.23,0.2,0.77,2.2,6,,
GA,1992,1.22,0.21,0.79,2.23,7,,
GA,1991,1.16,0.22,0.78,2.17,7,,
GA,1990,1.22,0.23,0.86,2.31,7,,
GA,1989,1.18,0.24,0.94,2.36,6,,
GA,1988,1.21,0.26,0.92,2.39,7,,
GA,1987,1.21,0.27,1,2.48,6,,
GA,1986,1.21,0.27,0.94,2.43,7,,
GA,1985,1.17,0.25,1.01,2.44,7,,
GA,1984,1.18,0.24,1.06,2.48,7,,
GA,1983,1.14,0.22,1.06,2.42,7,,
GA,1982,1.12,0.21,1.04,2.36,8,,
GA,1981,1.1,0.18,1.09,2.38,8,,
GA,1980,1.06,0.19,1.08,2.33,8,,
GA,1979,1.11,0.18,1.16,2.44,7,,
GA,1978,1.09,0.18,1.21,2.48,7,,
GA,1977,1.03,0.15,1.19,2.37,7,,
HI,2015,1.28,0.55,0.77,2.59,4,,
HI,2014,1.27,0.54,0.77,2.58,4,,
HI,2013,1.25,0.54,0.76,2.55,5,,
HI,2012,1.26,0.53,0.75,2.54,5,,
HI,2011,1.23,0.53,0.73,2.49,4,,
HI,2010,1.24,0.52,0.71,2.46,4,,
HI,2009,1.25,0.51,0.71,2.47,4,,
HI,2008,1.31,0.51,0.72,2.54,4,,
HI,2007,1.3,0.48,0.77,2.55,4,,
HI,2006,1.28,0.47,0.77,2.52,4,,
HI,2005,1.3,0.45,0.72,2.47,4,,
HI,2004,1.37,0.43,0.7,2.5,3,,
HI,2003,1.3,0.42,0.66,2.38,5,,
HI,2002,1.27,0.39,0.62,2.28,5,,
HI,2001,1.3,0.38,0.6,2.28,5,,
HI,2000,1.33,0.39,0.6,2.32,4,,
HI,1999,1.31,0.39,0.56,2.26,5,,
HI,1998,1.32,0.37,0.54,2.22,5,,
HI,1997,1.37,0.4,0.56,2.32,4,,
HI,1996,1.4,0.36,0.58,2.34,4,,
HI,1995,1.41,0.34,0.57,2.32,4,,
HI,1994,1.46,0.38,0.62,2.46,3,,
HI,1993,1.49,0.37,0.65,2.51,3,,
HI,1992,1.55,0.39,0.69,2.63,2,,
HI,1991,1.57,0.4,0.7,2.67,2,,
HI,1990,1.64,0.4,0.79,2.84,2,,
HI,1989,1.56,0.43,0.8,2.79,2,,
HI,1988,1.64,0.45,0.8,2.89,2,,
HI,1987,1.59,0.41,0.77,2.76,3,,
HI,1986,1.61,0.44,0.86,2.91,3,,
HI,1985,1.61,0.42,0.88,2.91,3,,
HI,1984,1.66,0.41,0.92,2.99,3,,
HI,1983,1.89,0.44,1.13,3.45,1,,
HI,1982,1.8,0.48,1.14,3.41,1,,
HI,1981,1.74,0.44,1.16,3.34,2,,
HI,1980,1.64,0.46,1.2,3.3,2,,
HI,1979,1.51,0.42,1.21,3.14,3,,
HI,1978,1.33,0.44,1.25,3.02,3,,
HI,1977,1.55,0.35,1.21,3.11,2,,
ID,2015,0.93,1.14,0.79,2.86,2,,
ID,2014,0.92,1.12,0.77,2.82,2,,
ID,2013,0.96,1.08,0.77,2.81,2,,
ID,2012,0.98,1.02,0.77,2.76,2,,
ID,2011,1,0.92,0.73,2.65,3,,
ID,2010,1.06,0.9,0.72,2.68,3,,
ID,2009,1.05,0.91,0.7,2.67,3,,
ID,2008,1.15,0.81,0.69,2.64,3,,
ID,2007,1.17,0.73,0.67,2.58,4,,
ID,2006,1.14,0.74,0.65,2.53,4,,
ID,2005,1.11,0.74,0.61,2.45,4,,
ID,2004,1.14,0.72,0.57,2.43,4,,
ID,2003,1.15,0.65,0.55,2.35,5,,
ID,2002,1.16,0.64,0.53,2.33,4,,
ID,2001,1.14,0.63,0.53,2.3,5,,
ID,2000,1.13,0.65,0.52,2.3,5,,
ID,1999,1.09,0.68,0.52,2.29,4,,
ID,1998,1.15,0.33,0.51,1.99,7,,
ID,1997,1.14,0.32,0.52,1.98,7,,
ID,1996,1.18,0.3,0.52,2,7,,
ID,1995,1.15,0.3,0.54,1.99,7,,
ID,1994,1.24,0.35,0.53,2.12,7,,
ID,1993,1.26,0.29,0.55,2.11,7,,
ID,1992,1.32,0.31,0.57,2.2,7,,
ID,1991,1.31,0.32,0.56,2.19,7,,
ID,1990,1.36,0.33,0.58,2.27,7,,
ID,1989,1.27,0.31,0.57,2.16,8,,
ID,1988,1.28,0.37,0.59,2.24,7,,
ID,1987,1.33,0.39,0.59,2.31,7,,
ID,1986,1.36,0.39,0.62,2.37,7,,
ID,1985,1.36,0.36,0.71,2.43,7,,
ID,1984,1.41,0.31,0.72,2.45,7,,
ID,1983,1.45,0.3,0.77,2.52,7,,
ID,1982,1.45,0.3,0.81,2.57,7,,
ID,1981,1.54,0.33,0.83,2.69,6,,
ID,1980,1.53,0.3,0.77,2.59,7,,
ID,1979,1.51,0.27,0.82,2.6,6,,
ID,1978,1.46,0.25,0.78,2.5,7,,
ID,1977,1.47,0.22,0.78,2.47,7,,
IL,2015,1.12,0.43,0.8,2.36,5,,
IL,2014,1.12,0.42,0.78,2.32,6,,
IL,2013,1.13,0.42,0.77,2.33,6,,
IL,2012,1.15,0.43,0.77,2.36,6,,
IL,2011,1.17,0.41,0.75,2.33,6,,
IL,2010,1.2,0.4,0.74,2.34,6,,
IL,2009,1.22,0.39,0.73,2.34,6,,
IL,2008,1.23,0.38,0.74,2.34,6,,
IL,2007,1.24,0.41,0.74,2.38,6,,
IL,2006,1.24,0.37,0.74,2.35,6,,
IL,2005,1.23,0.34,0.71,2.29,6,,
IL,2004,1.24,0.32,0.67,2.22,6,,
IL,2003,1.26,0.35,0.74,2.36,5,,
IL,2002,1.28,0.33,0.65,2.26,5,,
IL,2001,1.27,0.32,0.68,2.28,5,,
IL,2000,1.28,0.32,0.63,2.24,6,,
IL,1999,1.29,0.33,0.66,2.27,5,,
IL,1998,1.28,0.34,0.64,2.25,4,,
IL,1997,1.26,0.35,0.65,2.26,5,,
IL,1996,1.27,0.35,0.68,2.3,4,,
IL,1995,1.3,0.33,0.66,2.29,4,,
IL,1994,1.32,0.34,0.69,2.35,4,,
IL,1993,1.32,0.34,0.72,2.38,4,,
IL,1992,1.34,0.35,0.74,2.43,4,,
IL,1991,1.38,0.34,0.76,2.48,4,,
IL,1990,1.43,0.36,0.82,2.62,4,,
IL,1989,1.42,0.36,0.85,2.63,3,,
IL,1988,1.45,0.38,0.87,2.7,3,,
IL,1987,1.43,0.39,0.88,2.71,4,,
IL,1986,1.42,0.39,0.91,2.72,5,,
IL,1985,1.39,0.38,0.99,2.76,5,,
IL,1984,1.41,0.37,1.02,2.8,4,,
IL,1983,1.43,0.35,1.03,2.82,4,,
IL,1982,1.42,0.35,1.07,2.84,5,,
IL,1981,1.44,0.35,1.12,2.91,5,,
IL,1980,1.42,0.33,1.23,2.99,4,,
IL,1979,1.42,0.32,1.15,2.89,4,,
IL,1978,1.35,0.31,1.17,2.83,4,,
IL,1977,1.32,0.3,1.2,2.82,4,,
IN,2015,0.98,0.28,0.88,2.13,8,,
IN,2014,0.98,0.27,0.8,2.05,8,,
IN,2013,1,0.28,0.81,2.09,8,,
IN,2012,1.02,0.28,0.79,2.08,8,,
IN,2011,1.02,0.27,0.73,2.02,8,,
IN,2010,1.03,0.26,0.74,2.03,8,,
IN,2009,1.08,0.25,0.72,2.05,8,,
IN,2008,1.1,0.24,0.73,2.08,8,,
IN,2007,1.13,0.24,0.72,2.09,8,,
IN,2006,1.09,0.25,0.66,2,9,,
IN,2005,1.11,0.22,0.68,2.01,8,,
IN,2004,1.14,0.22,0.65,2.01,8,,
IN,2003,1.11,0.21,0.64,1.96,9,,
IN,2002,1.13,0.2,0.6,1.93,9,,
IN,2001,1.15,0.19,0.62,1.96,8,,
IN,2000,1.16,0.2,0.61,1.98,8,,
IN,1999,1.16,0.19,0.59,1.94,8,,
IN,1998,1.14,0.19,0.58,1.91,8,,
IN,1997,1.12,0.18,0.59,1.89,8,,
IN,1996,1.13,0.2,0.57,1.89,8,,
IN,1995,1.12,0.2,0.58,1.91,8,,
IN,1994,1.15,0.2,0.59,1.94,8,,
IN,1993,1.15,0.19,0.64,1.98,8,,
IN,1992,1.16,0.2,0.58,1.95,9,,
IN,1991,1.22,0.19,0.6,2,9,,
IN,1990,1.26,0.2,0.63,2.09,8,,
IN,1989,1.23,0.2,0.64,2.07,8,,
IN,1988,1.25,0.21,0.67,2.13,8,,
IN,1987,1.26,0.23,0.67,2.16,8,,
IN,1986,1.26,0.23,0.67,2.17,8,,
IN,1985,1.26,0.22,0.73,2.2,8,,
IN,1984,1.27,0.21,0.73,2.21,8,,
IN,1983,1.28,0.19,0.73,2.2,8,,
IN,1982,1.29,0.19,0.76,2.24,8,,
IN,1981,1.29,0.18,0.78,2.24,8,,
IN,1980,1.26,0.17,0.77,2.21,8,,
IN,1979,1.21,0.15,0.78,2.15,8,,
IN,1978,1.18,0.15,0.78,2.12,8,,
IN,1977,1.13,0.14,0.77,2.03,8,,
IA,2015,1.34,0.22,0.82,2.39,5,,
IA,2014,1.32,0.22,0.8,2.34,6,,
IA,2013,1.32,0.22,0.8,2.34,6,,
IA,2012,1.36,0.23,0.81,2.4,5,,
IA,2011,1.36,0.21,0.78,2.35,6,,
IA,2010,1.37,0.18,0.73,2.29,6,,
IA,2009,1.41,0.18,0.72,2.3,6,,
IA,2008,1.41,0.17,0.7,2.29,7,,
IA,2007,1.39,0.17,0.67,2.23,7,,
IA,2006,1.38,0.16,0.65,2.18,7,,
IA,2005,1.38,0.16,0.61,2.14,7,,
IA,2004,1.39,0.16,0.57,2.12,7,,
IA,2003,1.38,0.15,0.54,2.07,8,,
IA,2002,1.38,0.14,0.51,2.04,8,,
IA,2001,1.36,0.13,0.5,1.99,8,,
IA,2000,1.35,0.13,0.5,1.98,8,,
IA,1999,1.34,0.13,0.48,1.95,8,,
IA,1998,1.31,0.12,0.46,1.9,8,,
IA,1997,1.28,0.12,0.45,1.85,9,,
IA,1996,1.28,0.12,0.45,1.85,9,,
IA,1995,1.26,0.11,0.44,1.8,9,,
IA,1994,1.3,0.1,0.44,1.84,9,,
IA,1993,1.28,0.11,0.48,1.87,9,,
IA,1992,1.31,0.13,0.46,1.9,9,,
IA,1991,1.32,0.16,0.52,2.01,8,,
IA,1990,1.34,0.18,0.54,2.06,9,,
IA,1989,1.3,0.19,0.52,2.01,9,,
IA,1988,1.32,0.2,0.53,2.06,9,,
IA,1987,1.34,0.22,0.59,2.14,8,,
IA,1986,1.35,0.2,0.54,2.09,9,,
IA,1985,1.33,0.14,0.58,2.06,9,,
IA,1984,1.39,0.12,0.62,2.13,9,,
IA,1983,1.4,0.13,0.65,2.18,8,,
IA,1982,1.4,0.13,0.65,2.19,8,,
IA,1981,1.44,0.13,0.69,2.26,8,,
IA,1980,1.41,0.13,0.71,2.25,8,,
IA,1979,1.4,0.11,0.71,2.22,8,,
IA,1978,1.38,0.11,0.74,2.23,8,,
IA,1977,1.33,0.1,0.74,2.17,8,,
KS,2015,1.03,0.14,0.74,1.9,10,,
KS,2014,1.03,0.14,0.75,1.92,9,,
KS,2013,0.99,0.14,0.76,1.88,10,,
KS,2012,1.09,0.14,0.72,1.95,9,,
KS,2011,1.07,0.14,0.69,1.9,10,,
KS,2010,1.13,0.14,0.68,1.95,9,,
KS,2009,1.18,0.14,0.67,1.99,9,,
KS,2008,1.22,0.14,0.65,2.01,9,,
KS,2007,1.17,0.15,0.64,1.96,9,,
KS,2006,1.14,0.18,0.61,1.94,9,,
KS,2005,1.14,0.18,0.57,1.89,9,,
KS,2004,1.14,0.16,0.56,1.86,9,,
KS,2003,1.16,0.17,0.56,1.89,10,,
KS,2002,1.19,0.15,0.54,1.88,9,,
KS,2001,1.12,0.15,0.53,1.8,9,,
KS,2000,1.15,0.15,0.53,1.83,9,,
KS,1999,1.14,0.15,0.54,1.83,9,,
KS,1998,1.09,0.13,0.54,1.77,9,,
KS,1997,1.09,0.12,0.48,1.69,10,,
KS,1996,1.05,0.12,0.49,1.67,10,,
KS,1995,1.07,0.12,0.5,1.68,10,,
KS,1994,1.12,0.13,0.48,1.73,10,,
KS,1993,1.09,0.14,0.52,1.75,10,,
KS,1992,1.09,0.14,0.55,1.78,10,,
KS,1991,1.15,0.14,0.57,1.85,9,,
KS,1990,1.13,0.13,0.53,1.79,10,,
KS,1989,1.13,0.13,0.55,1.81,10,,
KS,1988,1.13,0.22,0.57,1.92,9,,
KS,1987,1.14,0.17,0.57,1.88,9,,
KS,1986,1.14,0.17,0.6,1.91,9,,
KS,1985,1.18,0.15,0.64,1.97,9,,
KS,1984,1.19,0.14,0.63,1.96,9,,
KS,1983,1.2,0.13,0.64,1.97,9,,
KS,1982,1.22,0.13,0.67,2.03,9,,
KS,1981,1.23,0.12,0.7,2.05,9,,
KS,1980,1.22,0.11,0.61,1.95,9,,
KS,1979,1.19,0.12,0.74,2.04,9,,
KS,1978,1.15,0.12,0.65,1.91,10,,
KS,1977,1.14,0.1,0.65,1.9,10,,
KY,2015,0.99,0.22,0.76,1.97,9,,
KY,2014,0.94,0.21,0.72,1.88,10,,
KY,2013,0.95,0.2,0.7,1.85,10,,
KY,2012,0.97,0.2,0.7,1.87,10,,
KY,2011,0.94,0.19,0.66,1.79,10,,
KY,2010,0.99,0.18,0.66,1.83,10,,
KY,2009,1.02,0.18,0.65,1.85,10,,
KY,2008,1.03,0.17,0.65,1.85,10,,
KY,2007,1.04,0.17,0.63,1.85,10,,
KY,2006,1.04,0.17,0.62,1.82,10,,
KY,2005,1.04,0.14,0.61,1.8,10,,
KY,2004,1.07,0.17,0.57,1.81,10,,
KY,2003,1.03,0.15,0.57,1.75,10,,
KY,2002,1.08,0.14,0.54,1.77,10,,
KY,2001,1.04,0.12,0.46,1.63,10,,
KY,2000,1.07,0.14,0.53,1.74,10,,
KY,1999,1.07,0.13,0.54,1.74,10,,
KY,1998,1.07,0.13,0.53,1.72,10,,
KY,1997,1.06,0.13,0.53,1.72,9,,
KY,1996,1.05,0.13,0.54,1.72,10,,
KY,1995,1.05,0.11,0.54,1.7,9,,
KY,1994,1.08,0.11,0.55,1.73,10,,
KY,1993,1.08,0.1,0.55,1.73,10,,
KY,1992,1.04,0.11,0.56,1.71,10,,
KY,1991,1.11,0.11,0.56,1.78,10,,
KY,1990,1.12,0.11,0.6,1.83,10,,
KY,1989,1.09,0.12,0.57,1.79,10,,
KY,1988,1.1,0.12,0.6,1.82,10,,
KY,1987,1.04,0.14,0.6,1.78,10,,
KY,1986,1.1,0.14,0.63,1.86,10,,
KY,1985,1.08,0.14,0.66,1.88,10,,
KY,1984,1.06,0.13,0.68,1.87,10,,
KY,1983,1.13,0.12,0.7,1.95,9,,
KY,1982,1.14,0.12,0.72,1.99,9,,
KY,1981,1.13,0.1,0.75,1.99,9,,
KY,1980,1.08,0.1,0.73,1.91,10,,
KY,1979,1.07,0.09,0.75,1.91,9,,
KY,1978,1.04,0.09,0.75,1.88,10,,
KY,1977,1.16,0.09,0.73,1.98,9,,
LA,2015,1.27,0.33,0.98,2.59,4,,
LA,2014,1.3,0.33,0.95,2.58,4,,
LA,2013,1.34,0.32,0.93,2.58,4,,
LA,2012,1.38,0.32,0.9,2.59,4,,
LA,2011,1.37,0.3,0.88,2.56,3,,
LA,2010,1.41,0.28,0.84,2.53,3,,
LA,2009,1.5,0.28,0.85,2.63,3,,
LA,2008,1.55,0.26,0.83,2.64,3,,
LA,2007,1.56,0.27,0.81,2.65,3,,
LA,2006,1.58,0.25,0.78,2.62,3,,
LA,2005,1.44,0.24,0.71,2.39,5,,
LA,2004,1.38,0.26,0.73,2.36,5,,
LA,2003,1.41,0.25,0.72,2.38,4,,
LA,2002,1.32,0.24,0.7,2.26,6,,
LA,2001,1.49,0.23,0.69,2.41,3,,
LA,2000,1.5,0.22,0.7,2.42,3,,
LA,1999,1.54,0.24,0.69,2.46,3,,
LA,1998,1.5,0.23,0.7,2.43,2,,
LA,1997,1.5,0.23,0.71,2.44,2,,
LA,1996,1.51,0.22,0.72,2.45,2,,
LA,1995,1.49,0.21,0.73,2.44,2,,
LA,1994,1.45,0.21,0.73,2.39,3,,
LA,1993,1.53,0.21,0.72,2.47,3,,
LA,1992,1.55,0.22,0.74,2.51,3,,
LA,1991,1.52,0.21,0.73,2.46,4,,
LA,1990,1.53,0.23,0.78,2.54,5,,
LA,1989,1.47,0.24,0.74,2.45,6,,
LA,1988,1.49,0.24,0.71,2.44,6,,
LA,1987,1.4,0.25,0.77,2.41,7,,
LA,1986,1.42,0.26,0.79,2.47,6,,
LA,1985,1.37,0.28,0.87,2.52,6,,
LA,1984,1.42,0.29,0.95,2.66,6,,
LA,1983,1.44,0.31,1.03,2.77,5,,
LA,1982,1.49,0.3,1,2.78,5,,
LA,1981,1.49,0.28,1.02,2.79,6,,
LA,1980,1.4,0.27,1.03,2.7,6,,
LA,1979,1.32,0.25,1.04,2.61,6,,
LA,1978,1.32,0.25,1.04,2.6,6,,
LA,1977,1.27,0.25,1,2.51,6,,
ME,2015,1.37,0.43,0.97,2.77,3,,
ME,2014,1.36,0.42,0.93,2.71,3,,
ME,2013,1.36,0.42,0.91,2.69,3,,
ME,2012,1.34,0.42,0.89,2.65,4,,
ME,2011,1.23,0.42,0.87,2.53,4,,
ME,2010,1.23,0.42,0.84,2.49,4,,
ME,2009,1.23,0.42,0.82,2.47,4,,
ME,2008,1.25,0.42,0.81,2.48,4,,
ME,2007,1.26,0.42,0.8,2.48,5,,
ME,2006,1.25,0.42,0.78,2.46,4,,
ME,2005,1.24,0.41,0.77,2.43,4,,
ME,2004,1.26,0.41,0.76,2.43,4,,
ME,2003,1.25,0.4,0.74,2.39,4,,
ME,2002,1.23,0.4,0.7,2.33,5,,
ME,2001,1.2,0.37,0.7,2.27,5,,
ME,2000,1.17,0.38,0.68,2.23,6,,
ME,1999,1.16,0.36,0.69,2.21,6,,
ME,1998,1.14,0.33,0.69,2.16,6,,
ME,1997,1.15,0.32,0.68,2.15,6,,
ME,1996,1.17,0.32,0.69,2.18,6,,
ME,1995,1.17,0.28,0.7,2.15,6,,
ME,1994,1.13,0.27,0.77,2.18,6,,
ME,1993,1.15,0.29,0.79,2.22,6,,
ME,1992,1.16,0.29,0.78,2.23,6,,
ME,1991,1.18,0.3,0.77,2.25,6,,
ME,1990,1.21,0.31,0.82,2.34,6,,
ME,1989,1.26,0.34,0.86,2.46,6,,
ME,1988,1.29,0.36,0.91,2.55,5,,
ME,1987,1.27,0.38,0.91,2.56,5,,
ME,1986,1.29,0.36,0.92,2.57,6,,
ME,1985,1.29,0.33,0.94,2.56,6,,
ME,1984,1.25,0.31,1.02,2.57,6,,
ME,1983,1.32,0.29,1.03,2.64,6,,
ME,1982,1.3,0.3,1.02,2.62,6,,
ME,1981,1.24,0.28,1.05,2.57,7,,
ME,1980,1.32,0.28,1.06,2.66,6,,
ME,1979,1.27,0.27,1.05,2.59,6,,
ME,1978,1.28,0.26,1.03,2.57,6,,
ME,1977,1.35,0.23,1.02,2.6,6,,
MD,2015,0.85,0.39,0.89,2.14,8,,
MD,2014,0.86,0.39,0.9,2.15,8,,
MD,2013,0.88,0.39,0.9,2.17,8,,
MD,2012,0.91,0.39,0.9,2.2,8,,
MD,2011,0.92,0.39,0.89,2.19,8,,
MD,2010,0.94,0.38,0.89,2.21,7,,
MD,2009,0.96,0.36,0.86,2.19,8,,
MD,2008,0.99,0.36,0.84,2.19,8,,
MD,2007,1.01,0.36,0.84,2.2,7,,
MD,2006,1.01,0.34,0.83,2.18,7,,
MD,2005,1.02,0.34,0.81,2.16,7,,
MD,2004,1.03,0.33,0.79,2.15,7,,
MD,2003,1.03,0.32,0.77,2.12,7,,
MD,2002,1.06,0.31,0.76,2.12,7,,
MD,2001,1.06,0.3,0.75,2.11,7,,
MD,2000,1.04,0.3,0.75,2.09,7,,
MD,1999,1.04,0.3,0.74,2.08,7,,
MD,1998,1.05,0.3,0.73,2.08,7,,
MD,1997,1.05,0.29,0.73,2.07,7,,
MD,1996,1.05,0.29,0.74,2.08,7,,
MD,1995,1.06,0.28,0.74,2.09,7,,
MD,1994,1.09,0.28,0.78,2.15,6,,
MD,1993,1.1,0.28,0.8,2.19,7,,
MD,1992,1.11,0.29,0.86,2.26,6,,
MD,1991,1.15,0.3,0.89,2.33,6,,
MD,1990,1.22,0.33,0.96,2.51,5,,
MD,1989,1.2,0.34,0.97,2.52,4,,
MD,1988,1.24,0.36,1,2.6,4,,
MD,1987,1.28,0.38,1.06,2.71,4,,
MD,1986,1.28,0.38,1.07,2.73,4,,
MD,1985,1.3,0.36,1.14,2.8,4,,
MD,1984,1.31,0.36,1.17,2.84,4,,
MD,1983,1.34,0.35,1.2,2.89,4,,
MD,1982,1.27,0.32,1.16,2.76,5,,
MD,1981,1.39,0.34,1.33,3.06,4,,
MD,1980,1.41,0.33,1.35,3.08,4,,
MD,1979,1.43,0.31,1.39,3.13,3,,
MD,1978,1.4,0.31,1.38,3.09,3,,
MD,1977,1.36,0.3,1.38,3.05,3,,
MA,2015,0.96,0.65,0.91,2.52,5,,
MA,2014,0.98,0.66,0.91,2.55,4,,
MA,2013,1,0.66,0.89,2.56,4,,
MA,2012,1.03,0.65,0.88,2.57,4,,
MA,2011,1.02,0.64,0.88,2.54,4,,
MA,2010,1.04,0.62,0.84,2.5,4,,
MA,2009,1.03,0.62,0.85,2.49,4,,
MA,2008,1.08,0.62,0.84,2.54,4,,
MA,2007,1.11,0.62,0.87,2.59,4,,
MA,2006,1.1,0.61,0.85,2.56,3,,
MA,2005,1.07,0.59,0.85,2.51,3,,
MA,2004,1.1,0.58,0.84,2.52,3,,
MA,2003,1.1,0.56,0.82,2.49,3,,
MA,2002,1.13,0.54,0.8,2.47,3,,
MA,2001,1.13,0.52,0.79,2.44,3,,
MA,2000,1.16,0.51,0.87,2.55,2,,
MA,1999,1.09,0.51,0.79,2.39,3,,
MA,1998,1.14,0.5,0.75,2.39,3,,
MA,1997,1.13,0.49,0.76,2.39,3,,
MA,1996,1.11,0.48,0.77,2.35,3,,
MA,1995,1.13,0.44,0.78,2.35,3,,
MA,1994,1.14,0.44,0.8,2.38,3,,
MA,1993,1.14,0.44,0.8,2.38,4,,
MA,1992,1.12,0.44,0.82,2.38,5,,
MA,1991,1.19,0.43,0.87,2.49,3,,
MA,1990,1.22,0.45,0.97,2.63,3,,
MA,1989,1.24,0.46,1,2.7,3,,
MA,1988,1.27,0.49,1.05,2.81,3,,
MA,1987,1.27,0.5,1.11,2.88,3,,
MA,1986,1.29,0.52,1.11,2.92,3,,
MA,1985,1.28,0.5,1.19,2.97,3,,
MA,1984,1.29,0.5,1.23,3.02,3,,
MA,1983,1.36,0.49,1.2,3.05,3,,
MA,1982,1.35,0.5,1.22,3.07,3,,
MA,1981,1.44,0.49,1.24,3.17,3,,
MA,1980,1.46,0.45,1.26,3.18,3,,
MA,1979,1.4,0.43,1.24,3.07,3,,
MA,1978,1.38,0.41,1.26,3.05,3,,
MA,1977,1.35,0.37,1.25,2.97,3,,
MI,2015,0.99,0.36,0.89,2.24,7,,
MI,2014,1.05,0.39,0.88,2.32,6,,
MI,2013,1.01,0.37,0.85,2.24,7,,
MI,2012,1.08,0.35,0.84,2.27,7,,
MI,2011,1.07,0.35,0.83,2.25,7,,
MI,2010,1.09,0.33,0.81,2.23,7,,
MI,2009,1.11,0.32,0.8,2.23,7,,
MI,2008,1.13,0.3,0.79,2.22,7,,
MI,2007,1.13,0.3,0.77,2.19,7,,
MI,2006,1.13,0.29,0.76,2.18,7,,
MI,2005,1.15,0.28,0.74,2.16,7,,
MI,2004,1.16,0.27,0.72,2.15,7,,
MI,2003,1.17,0.28,0.72,2.17,7,,
MI,2002,1.19,0.25,0.69,2.13,7,,
MI,2001,1.18,0.23,0.68,2.09,7,,
MI,2000,1.19,0.24,0.68,2.11,7,,
MI,1999,1.19,0.24,0.67,2.1,7,,
MI,1998,1.2,0.22,0.68,2.1,7,,
MI,1997,1.17,0.22,0.66,2.05,7,,
MI,1996,1.2,0.22,0.66,2.07,7,,
MI,1995,1.2,0.19,0.66,2.06,7,,
MI,1994,1.23,0.2,0.67,2.1,7,,
MI,1993,1.26,0.2,0.72,2.18,7,,
MI,1992,1.26,0.22,0.74,2.21,7,,
MI,1991,1.3,0.22,0.74,2.26,6,,
MI,1990,1.33,0.28,0.8,2.42,6,,
MI,1989,1.29,0.3,0.8,2.39,6,,
MI,1988,1.32,0.32,0.84,2.48,6,,
MI,1987,1.32,0.33,0.85,2.51,6,,
MI,1986,1.33,0.33,0.9,2.57,5,,
MI,1985,1.31,0.32,0.96,2.59,6,,
MI,1984,1.33,0.31,0.98,2.61,6,,
MI,1983,1.36,0.28,0.98,2.62,6,,
MI,1982,1.35,0.39,0.99,2.73,6,,
MI,1981,1.34,0.29,1,2.63,6,,
MI,1980,1.34,0.28,1.02,2.65,6,,
MI,1979,1.36,0.25,1.03,2.65,6,,
MI,1978,1.43,0.25,1.05,2.74,5,,
MI,1977,1.45,0.24,1.02,2.71,5,,
MN,2015,1.16,0.43,1.14,2.73,3,,
MN,2014,1.13,0.44,1.23,2.8,2,,
MN,2013,1.13,0.43,1.16,2.72,3,,
MN,2012,1.18,0.42,1.11,2.71,3,,
MN,2011,1.09,0.34,0.99,2.43,5,,
MN,2010,1.1,0.33,0.97,2.41,5,,
MN,2009,1.19,0.37,1.04,2.59,4,,
MN,2008,1.21,0.36,1.03,2.6,4,,
MN,2007,1.23,0.36,1.01,2.6,3,,
MN,2006,1.15,0.32,0.93,2.4,5,,
MN,2005,1.18,0.33,0.97,2.48,3,,
MN,2004,1.24,0.31,0.94,2.5,3,,
MN,2003,1.22,0.29,0.91,2.43,3,,
MN,2002,1.26,0.28,0.88,2.41,3,,
MN,2001,1.25,0.26,0.88,2.39,4,,
MN,2000,1.24,0.26,0.87,2.37,4,,
MN,1999,1.23,0.27,0.86,2.36,4,,
MN,1998,1.16,0.27,0.84,2.27,4,,
MN,1997,1.23,0.27,0.84,2.35,3,,
MN,1996,1.25,0.26,0.83,2.34,4,,
MN,1995,1.24,0.25,0.83,2.32,3,,
MN,1994,1.27,0.25,0.83,2.35,4,,
MN,1993,1.24,0.24,0.84,2.33,5,,
MN,1992,1.25,0.25,0.85,2.35,5,,
MN,1991,1.3,0.24,0.81,2.35,5,,
MN,1990,1.32,0.27,0.96,2.55,4,,
MN,1989,1.29,0.27,0.89,2.46,6,,
MN,1988,1.31,0.3,0.9,2.51,5,,
MN,1987,1.32,0.32,0.94,2.58,5,,
MN,1986,1.31,0.34,0.93,2.57,5,,
MN,1985,1.31,0.31,1.06,2.68,5,,
MN,1984,1.34,0.28,1.07,2.69,5,,
MN,1983,1.38,0.27,1.1,2.74,6,,
MN,1982,1.37,0.27,1.11,2.75,6,,
MN,1981,1.39,0.27,1.18,2.84,5,,
MN,1980,1.39,0.26,1.2,2.85,5,,
MN,1979,1.36,0.24,1.17,2.77,5,,
MN,1978,1.32,0.23,1.16,2.71,5,,
MN,1977,1.31,0.21,1.16,2.67,5,,
MS,2015,1.31,0.17,0.77,2.24,7,,
MS,2014,1.32,0.16,0.75,2.23,7,,
MS,2013,1.35,0.16,0.73,2.24,7,,
MS,2012,1.36,0.16,0.71,2.24,7,,
MS,2011,1.34,0.16,0.71,2.2,7,,
MS,2010,1.37,0.15,0.7,2.22,7,,
MS,2009,1.4,0.15,0.7,2.25,7,,
MS,2008,1.44,0.15,0.7,2.29,7,,
MS,2007,1.45,0.14,0.68,2.27,7,,
MS,2006,1.45,0.13,0.67,2.25,7,,
MS,2005,1.4,0.13,0.65,2.18,7,,
MS,2004,1.38,0.13,0.63,2.14,7,,
MS,2003,1.38,0.12,0.63,2.13,7,,
MS,2002,1.41,0.12,0.61,2.13,7,,
MS,2001,1.4,0.11,0.6,2.11,7,,
MS,2000,1.43,0.11,0.61,2.15,7,,
MS,1999,1.45,0.11,0.61,2.16,7,,
MS,1998,1.4,0.09,0.59,2.08,7,,
MS,1997,1.37,0.09,0.61,2.07,7,,
MS,1996,1.37,0.1,0.62,2.09,7,,
MS,1995,1.36,0.1,0.61,2.07,7,,
MS,1994,1.28,0.08,0.63,2,7,,
MS,1993,1.37,0.1,0.63,2.11,7,,
MS,1992,1.35,0.09,0.63,2.08,8,,
MS,1991,1.32,0.09,0.64,2.05,8,,
MS,1990,1.34,0.09,0.65,2.08,8,,
MS,1989,1.28,0.09,0.66,2.04,9,,
MS,1988,1.3,0.09,0.67,2.06,9,,
MS,1987,1.28,0.09,0.66,2.04,9,,
MS,1986,1.28,0.1,0.69,2.07,9,,
MS,1985,1.22,0.1,0.74,2.07,9,,
MS,1984,1.2,0.11,0.77,2.08,9,,
MS,1983,1.2,0.11,0.8,2.1,9,,
MS,1982,1.18,0.11,0.81,2.1,9,,
MS,1981,1.19,0.11,0.84,2.13,9,,
MS,1980,1.13,0.1,0.86,2.09,9,,
MS,1979,1.1,0.09,0.81,2,9,,
MS,1978,1.11,0.1,0.88,2.09,8,,
MS,1977,1.04,0.1,0.83,1.98,9,,
MO,2015,1.17,0.39,0.96,2.52,4,,
MO,2014,1.16,0.36,0.88,2.4,5,,
MO,2013,1.19,0.36,0.89,2.44,5,,
MO,2012,1.22,0.34,0.86,2.42,5,,
MO,2011,1.24,0.34,0.86,2.45,5,,
MO,2010,1.27,0.32,0.81,2.41,5,,
MO,2009,1.3,0.3,0.83,2.43,5,,
MO,2008,1.32,0.3,0.8,2.42,5,,
MO,2007,1.33,0.3,0.78,2.4,5,,
MO,2006,1.33,0.28,0.76,2.37,5,,
MO,2005,1.31,0.27,0.73,2.3,6,,
MO,2004,1.33,0.27,0.72,2.32,5,,
MO,2003,1.34,0.26,0.7,2.29,6,,
MO,2002,1.36,0.25,0.67,2.27,5,,
MO,2001,1.34,0.23,0.67,2.25,6,,
MO,2000,1.35,0.23,0.67,2.25,5,,
MO,1999,1.35,0.23,0.66,2.23,5,,
MO,1998,1.33,0.23,0.63,2.18,6,,
MO,1997,1.3,0.22,0.63,2.15,6,,
MO,1996,1.31,0.22,0.57,2.09,7,,
MO,1995,1.31,0.2,0.62,2.14,6,,
MO,1994,1.36,0.19,0.66,2.21,6,,
MO,1993,1.33,0.2,0.67,2.2,6,,
MO,1992,1.34,0.21,0.69,2.24,6,,
MO,1991,1.35,0.22,0.64,2.2,7,,
MO,1990,1.37,0.22,0.7,2.3,7,,
MO,1989,1.36,0.23,0.7,2.28,7,,
MO,1988,1.35,0.26,0.7,2.31,7,,
MO,1987,1.38,0.28,0.73,2.39,7,,
MO,1986,1.38,0.28,0.73,2.39,7,,
MO,1985,1.34,0.26,0.77,2.37,7,,
MO,1984,1.35,0.26,0.68,2.29,8,,
MO,1983,1.38,0.22,0.78,2.38,8,,
MO,1982,1.39,0.22,0.79,2.39,7,,
MO,1981,1.41,0.22,0.84,2.46,7,,
MO,1980,1.39,0.2,0.84,2.44,7,,
MO,1979,1.36,0.2,0.86,2.42,7,,
MO,1978,1.31,0.19,0.89,2.39,7,,
MO,1977,1.23,0.19,0.83,2.24,8,,
MT,2015,1.63,0.5,0.95,3.08,2,,
MT,2014,1.62,0.5,0.96,3.08,2,,
MT,2013,1.63,0.49,0.95,3.07,2,,
MT,2012,1.65,0.48,0.94,3.07,2,,
MT,2011,1.61,0.47,0.9,2.97,2,,
MT,2010,1.65,0.45,0.88,2.98,2,,
MT,2009,1.64,0.45,0.87,2.96,2,,
MT,2008,1.66,0.44,0.87,2.97,2,,
MT,2007,1.66,0.43,0.85,2.94,2,,
MT,2006,1.63,0.41,0.82,2.87,2,,
MT,2005,1.52,0.42,0.77,2.71,2,,
MT,2004,1.56,0.34,0.75,2.65,2,,
MT,2003,1.56,0.33,0.72,2.62,2,,
MT,2002,1.62,0.33,0.7,2.65,2,,
MT,2001,1.58,0.3,0.68,2.56,2,,
MT,2000,1.55,0.29,0.68,2.52,2,,
MT,1999,1.56,0.28,0.67,2.51,2,,
MT,1998,1.51,0.27,0.65,2.42,3,,
MT,1997,1.49,0.27,0.64,2.4,3,,
MT,1996,1.49,0.26,0.64,2.39,3,,
MT,1995,1.49,0.25,0.78,2.52,2,,
MT,1994,1.57,0.24,0.7,2.51,2,,
MT,1993,1.49,0.25,0.73,2.47,3,,
MT,1992,1.59,0.26,0.75,2.61,2,,
MT,1991,1.61,0.28,0.76,2.64,3,,
MT,1990,1.61,0.29,0.77,2.67,3,,
MT,1989,1.59,0.29,0.73,2.61,4,,
MT,1988,1.61,0.32,0.77,2.7,4,,
MT,1987,1.59,0.34,0.78,2.7,4,,
MT,1986,1.6,0.34,0.82,2.76,4,,
MT,1985,1.62,0.33,0.89,2.84,4,,
MT,1984,1.71,0.32,0.93,2.97,3,,
MT,1983,1.8,0.32,0.99,3.11,3,,
MT,1982,1.82,0.32,1.02,3.16,3,,
MT,1981,1.9,0.33,1.05,3.27,3,,
MT,1980,1.82,0.35,1.03,3.2,3,,
MT,1979,1.83,0.41,1.05,3.29,2,,
MT,1978,1.82,0.2,1.07,3.09,2,,
MT,1977,1.82,0.2,1.1,3.11,2,,
NE,2015,1.34,0.21,0.72,2.27,6,,
NE,2014,1.37,0.21,0.71,2.29,7,,
NE,2013,1.39,0.21,0.71,2.31,6,,
NE,2012,1.41,0.21,0.69,2.31,7,,
NE,2011,1.41,0.21,0.69,2.3,6,,
NE,2010,1.43,0.21,0.67,2.31,6,,
NE,2009,1.44,0.2,0.67,2.32,6,,
NE,2008,1.46,0.2,0.68,2.34,6,,
NE,2007,1.44,0.2,0.67,2.32,6,,
NE,2006,1.42,0.21,0.71,2.35,6,,
NE,2005,1.41,0.2,0.68,2.29,6,,
NE,2004,1.44,0.2,0.65,2.28,6,,
NE,2003,1.43,0.19,0.63,2.24,6,,
NE,2002,1.45,0.17,0.61,2.23,6,,
NE,2001,1.43,0.16,0.6,2.2,6,,
NE,2000,1.44,0.17,0.62,2.23,6,,
NE,1999,1.42,0.17,0.6,2.19,6,,
NE,1998,1.39,0.18,0.58,2.16,6,,
NE,1997,1.35,0.18,0.56,2.09,7,,
NE,1996,1.35,0.18,0.57,2.11,6,,
NE,1995,1.35,0.19,0.57,2.1,7,,
NE,1994,1.39,0.18,0.57,2.14,7,,
NE,1993,1.37,0.18,0.59,2.14,7,,
NE,1992,1.37,0.18,0.61,2.16,7,,
NE,1991,1.4,0.18,0.61,2.19,7,,
NE,1990,1.41,0.2,0.64,2.25,7,,
NE,1989,1.41,0.2,0.64,2.26,7,,
NE,1988,1.41,0.22,0.66,2.3,7,,
NE,1987,1.43,0.23,0.67,2.33,7,,
NE,1986,1.41,0.23,0.69,2.33,7,,
NE,1985,1.41,0.22,0.76,2.39,7,,
NE,1984,1.46,0.21,0.77,2.43,7,,
NE,1983,1.5,0.21,0.8,2.51,7,,
NE,1982,1.51,0.28,0.58,2.37,7,,
NE,1981,1.57,0.2,0.88,2.65,6,,
NE,1980,1.56,0.19,0.88,2.63,6,,
NE,1979,1.52,0.18,0.89,2.59,7,,
NE,1978,1.48,0.18,0.9,2.56,6,,
NE,1977,1.46,0.17,0.91,2.54,6,,
NV,2015,1.38,0.66,1.28,3.32,1,,
NV,2014,1.4,0.66,1.3,3.36,1,,
NV,2013,1.4,0.63,1.28,3.3,1,,
NV,2012,1.41,0.62,1.24,3.27,1,,
NV,2011,1.45,0.63,1.27,3.35,1,,
NV,2010,1.49,0.6,1.21,3.3,1,,
NV,2009,1.53,0.56,1.11,3.21,1,,
NV,2008,1.63,0.61,1.29,3.53,1,,
NV,2007,1.66,0.62,1.23,3.52,1,,
NV,2006,1.71,0.65,1.28,3.63,1,,
NV,2005,1.69,0.62,1.21,3.52,1,,
NV,2004,1.73,0.63,1.25,3.61,1,,
NV,2003,1.74,0.61,1.23,3.59,1,,
NV,2002,1.74,0.6,1.22,3.56,1,,
NV,2001,1.79,0.59,1.21,3.59,1,,
NV,2000,1.79,0.62,1.26,3.67,1,,
NV,1999,1.82,0.63,1.29,3.74,1,,
NV,1998,1.8,0.58,1.23,3.62,1,,
NV,1997,1.84,0.58,1.3,3.72,1,,
NV,1996,1.91,0.59,1.39,3.89,1,,
NV,1995,1.87,0.58,1.39,3.84,1,,
NV,1994,1.93,0.57,1.51,4,1,,
NV,1993,1.95,0.58,1.54,4.07,1,,
NV,1992,2.02,0.62,1.61,4.25,1,,
NV,1991,2.05,0.63,1.63,4.31,1,,
NV,1990,2.17,0.69,1.92,4.78,1,,
NV,1989,2.12,0.71,1.87,4.7,1,,
NV,1988,2.08,0.76,1.95,4.8,1,,
NV,1987,2.01,0.83,2.05,4.89,1,,
NV,1986,2.04,0.86,2.07,4.97,1,,
NV,1985,1.96,0.84,2.18,4.99,1,,
NV,1984,1.97,0.8,2.32,5.1,1,,
NV,1983,1.96,0.78,2.43,5.18,1,,
NV,1982,2,0.77,2.5,5.27,1,,
NV,1981,2.08,0.8,2.71,5.59,1,,
NV,1980,2.06,0.78,2.9,5.75,1,,
NV,1979,2.07,0.79,2.97,5.83,1,,
NV,1978,2.01,0.77,3.34,6.13,1,,
NV,1977,1.99,0.77,3.56,6.32,1,,
NH,2015,NULL,NULL,NULL,NULL,NULL,,
NH,2014,1.88,0.88,1.96,4.72,1,,
NH,2013,1.69,0.89,1.96,4.55,1,,
NH,2012,1.86,0.89,1.93,4.68,1,,
NH,2011,1.9,0.86,1.89,4.65,1,,
NH,2010,1.79,0.92,1.98,4.7,1,,
NH,2009,1.75,0.84,1.85,4.44,1,,
NH,2008,1.74,0.84,1.84,4.41,1,,
NH,2007,1.71,0.81,1.79,4.32,1,,
NH,2006,1.74,0.79,1.75,4.28,1,,
NH,2005,1.73,0.78,1.77,4.28,1,,
NH,2004,1.75,0.75,1.71,4.2,1,,
NH,2003,1.74,0.73,1.67,4.14,1,,
NH,2002,1.75,0.71,1.63,4.09,1,,
NH,2001,1.75,0.7,1.64,4.09,1,,
NH,2000,1.75,0.66,1.62,4.03,1,,
NH,1999,1.75,0.65,1.63,4.04,1,,
NH,1998,1.75,0.65,1.64,4.04,1,,
NH,1997,1.72,0.55,1.67,3.94,1,,
NH,1996,1.73,0.54,1.72,3.99,1,,
NH,1995,1.73,0.53,1.79,4.06,1,,
NH,1994,1.74,0.5,1.79,4.02,1,,
NH,1993,1.75,0.48,1.9,4.13,1,,
NH,1992,1.83,0.54,2.01,4.38,1,,
NH,1991,1.81,0.52,1.96,4.3,1,,
NH,1990,1.85,0.49,1.96,4.3,1,,
NH,1989,1.85,0.49,1.97,4.3,1,,
NH,1988,1.87,0.5,2,4.38,1,,
NH,1987,1.91,0.49,1.94,4.34,1,,
NH,1986,1.93,0.5,1.99,4.42,1,,
NH,1985,1.93,0.52,2.06,4.52,1,,
NH,1984,1.99,0.53,2.22,4.74,1,,
NH,1983,1.99,0.59,2.33,4.92,1,,
NH,1982,2.17,0.56,2.36,5.09,1,,
NH,1981,1.9,0.59,2.35,4.84,1,,
NH,1980,1.89,0.59,2.43,4.91,1,,
NH,1979,1.93,0.6,2.49,5.02,1,,
NH,1978,1.94,0.61,2.56,5.1,1,,
NH,1977,1.95,0.53,2.88,5.36,1,,
NJ,2015,1.86,0.49,2.88,5.23,1,,
NJ,2014,0.83,0.6,0.92,2.35,6,,
NJ,2013,0.84,0.62,0.92,2.37,5,,
NJ,2012,0.84,0.61,0.92,2.36,5,,
NJ,2011,0.88,0.6,0.9,2.39,5,,
NJ,2010,0.89,0.58,0.89,2.36,5,,
NJ,2009,0.92,0.57,0.86,2.35,5,,
NJ,2008,0.91,0.57,0.86,2.34,6,,
NJ,2007,0.93,0.55,0.86,2.35,6,,
NJ,2006,0.93,0.55,0.86,2.33,6,,
NJ,2005,0.95,0.54,0.85,2.33,6,,
NJ,2004,0.95,0.52,0.83,2.3,5,,
NJ,2003,0.95,0.5,0.8,2.24,6,,
NJ,2002,0.98,0.49,0.77,2.24,6,,
NJ,2001,0.99,0.47,0.75,2.2,6,,
NJ,2000,0.96,0.47,0.76,2.19,6,,
NJ,1999,0.97,0.47,0.74,2.18,7,,
NJ,1998,0.98,0.46,0.71,2.15,6,,
NJ,1997,0.98,0.46,0.74,2.18,5,,
NJ,1996,1,0.44,0.76,2.2,5,,
NJ,1995,1.03,0.44,0.79,2.26,4,,
NJ,1994,1.04,0.43,0.79,2.27,5,,
NJ,1993,1.07,0.42,0.79,2.29,5,,
NJ,1992,1.07,0.44,0.83,2.34,5,,
NJ,1991,1.09,0.43,0.82,2.34,6,,
NJ,1990,1.15,0.48,0.95,2.58,4,,
NJ,1989,1.13,0.5,0.95,2.58,4,,
NJ,1988,1.15,0.51,0.93,2.58,4,,
NJ,1987,1.18,0.54,1,2.72,4,,
NJ,1986,1.17,0.56,1.03,2.77,3,,
NJ,1985,1.17,0.55,1.07,2.79,4,,
NJ,1984,1.18,0.54,1.1,2.82,4,,
NJ,1983,1.2,0.52,1.13,2.85,4,,
NJ,1982,1.21,0.52,1.13,2.87,4,,
NJ,1981,1.21,0.51,1.15,2.87,5,,
NJ,1980,1.22,0.47,1.13,2.82,5,,
NJ,1979,1.18,0.43,1.1,2.71,6,,
NJ,1978,1.17,0.41,1.1,2.69,6,,
NJ,1977,1.16,0.4,1.13,2.69,5,,
NM,2015,1.23,0.28,0.74,2.25,7,,
NM,2014,1.29,0.31,0.82,2.42,5,,
NM,2013,1.17,0.34,0.85,2.35,6,,
NM,2012,1.24,0.33,0.79,2.36,6,,
NM,2011,1.32,0.31,0.73,2.35,6,,
NM,2010,1.23,0.31,0.74,2.28,6,,
NM,2009,1.34,0.31,0.72,2.38,5,,
NM,2008,1.41,0.31,0.71,2.43,5,,
NM,2007,1.39,0.3,0.7,2.39,5,,
NM,2006,1.37,0.3,0.69,2.36,5,,
NM,2005,1.47,0.29,0.66,2.42,4,,
NM,2004,1.45,0.25,0.66,2.36,5,,
NM,2003,1.52,0.27,0.61,2.4,4,,
NM,2002,1.52,0.26,0.61,2.4,4,,
NM,2001,1.54,0.25,0.61,2.39,4,,
NM,2000,1.53,0.25,0.61,2.38,4,,
NM,1999,1.53,0.25,0.59,2.36,4,,
NM,1998,1.49,0.24,0.58,2.31,4,,
NM,1997,1.51,0.24,0.58,2.33,3,,
NM,1996,1.55,0.24,0.59,2.38,3,,
NM,1995,1.56,0.24,0.6,2.4,3,,
NM,1994,1.46,0.19,0.6,2.25,5,,
NM,1993,1.53,0.23,0.63,2.39,3,,
NM,1992,1.56,0.25,0.66,2.47,4,,
NM,1991,1.64,0.26,0.64,2.54,3,,
NM,1990,1.68,0.28,0.68,2.64,3,,
NM,1989,1.67,0.29,0.66,2.62,4,,
NM,1988,1.66,0.33,0.68,2.67,4,,
NM,1987,1.65,0.36,0.68,2.69,4,,
NM,1986,1.66,0.36,0.71,2.73,4,,
NM,1985,1.71,0.36,0.77,2.84,4,,
NM,1984,1.72,0.28,0.76,2.76,5,,
NM,1983,1.72,0.31,0.98,3.01,4,,
NM,1982,1.72,0.34,0.93,2.99,4,,
NM,1981,1.73,0.32,0.95,3,4,,
NM,1980,1.65,0.32,0.99,2.97,4,,
NM,1979,1.64,0.29,0.97,2.91,4,,
NM,1978,1.65,0.31,0.96,2.93,4,,
NM,1977,1.62,0.31,0.95,2.88,4,,
NY,2015,0.9,0.5,0.77,2.17,8,,
NY,2014,0.9,0.53,0.76,2.19,8,,
NY,2013,0.93,0.51,0.77,2.21,8,,
NY,2012,0.91,0.51,0.75,2.17,8,,
NY,2011,0.89,0.5,0.72,2.11,8,,
NY,2010,0.89,0.48,0.71,2.09,8,,
NY,2009,0.92,0.47,0.7,2.08,8,,
NY,2008,0.93,0.47,0.68,2.08,8,,
NY,2007,0.93,0.47,0.69,2.1,8,,
NY,2006,0.89,0.46,0.66,2.01,8,,
NY,2005,0.91,0.43,0.65,1.99,8,,
NY,2004,0.92,0.42,0.62,1.96,9,,
NY,2003,0.93,0.4,0.61,1.94,9,,
NY,2002,0.95,0.38,0.59,1.92,9,,
NY,2001,0.96,0.37,0.56,1.89,9,,
NY,2000,0.92,0.38,0.58,1.88,9,,
NY,1999,0.93,0.37,0.56,1.85,9,,
NY,1998,0.95,0.38,0.51,1.84,9,,
NY,1997,0.94,0.36,0.56,1.87,8,,
NY,1996,0.97,0.36,0.57,1.9,8,,
NY,1995,0.98,0.38,0.57,1.93,8,,
NY,1994,0.98,0.35,0.6,1.93,8,,
NY,1993,1,0.35,0.62,1.97,8,,
NY,1992,1.04,0.37,0.68,2.09,8,,
NY,1991,1.09,0.37,0.69,2.14,7,,
NY,1990,1.13,0.41,0.76,2.3,7,,
NY,1989,1.11,0.42,0.81,2.34,7,,
NY,1988,1.14,0.44,0.86,2.45,6,,
NY,1987,1.14,0.47,0.9,2.51,6,,
NY,1986,1.12,0.5,0.91,2.53,6,,
NY,1985,1.14,0.49,0.98,2.61,5,,
NY,1984,1.14,0.49,1.03,2.67,5,,
NY,1983,1.23,0.49,1.05,2.77,5,,
NY,1982,1.26,0.48,1.11,2.85,4,,
NY,1981,1.25,0.46,1.12,2.83,5,,
NY,1980,1.27,0.46,1.17,2.91,5,,
NY,1979,1.21,0.44,1.17,2.83,5,,
NY,1978,1.18,0.42,1.18,2.78,5,,
NY,1977,1.18,0.39,1.18,2.75,5,,
NC,2015,1.05,0.42,0.63,2.1,8,,
NC,2014,1.04,0.41,0.61,2.06,8,,
NC,2013,1.04,0.39,0.6,2.03,9,,
NC,2012,1.07,0.38,0.6,2.05,8,,
NC,2011,1.05,0.37,0.58,2.01,9,,
NC,2010,1.08,0.35,0.57,2.01,9,,
NC,2009,1.09,0.33,0.57,1.99,9,,
NC,2008,1.13,0.34,0.57,2.03,9,,
NC,2007,1.15,0.33,0.56,2.04,9,,
NC,2006,1.14,0.32,0.54,2.01,8,,
NC,2005,1.13,0.3,0.54,1.96,9,,
NC,2004,1.16,0.3,0.53,1.99,8,,
NC,2003,1.2,0.27,0.52,1.99,8,,
NC,2002,1.24,0.27,0.5,2.01,8,,
NC,2001,1.23,0.25,0.51,1.99,8,,
NC,2000,1.19,0.25,0.52,1.96,8,,
NC,1999,1.16,0.24,0.51,1.91,8,,
NC,1998,1.13,0.23,0.5,1.86,8,,
NC,1997,1.15,0.23,0.52,1.89,8,,
NC,1996,1.14,0.24,0.52,1.91,8,,
NC,1995,1.12,0.21,0.53,1.86,8,,
NC,1994,1.14,0.21,0.54,1.89,8,,
NC,1993,1.14,0.22,0.56,1.92,9,,
NC,1992,1.14,0.23,0.59,1.96,8,,
NC,1991,1.11,0.24,0.6,1.96,9,,
NC,1990,1.16,0.27,0.65,2.08,9,,
NC,1989,1.13,0.27,0.66,2.05,8,,
NC,1988,1.11,0.28,0.68,2.08,8,,
NC,1987,1.11,0.28,0.71,2.09,9,,
NC,1986,1.11,0.3,0.74,2.15,8,,
NC,1985,1.1,0.27,0.76,2.13,8,,
NC,1984,1.11,0.24,0.78,2.13,8,,
NC,1983,1.11,0.22,0.8,2.12,9,,
NC,1982,1.07,0.21,0.85,2.13,9,,
NC,1981,1.1,0.21,0.86,2.16,9,,
NC,1980,1.1,0.2,0.85,2.16,9,,
NC,1979,1.04,0.21,0.84,2.09,9,,
NC,1978,1.02,0.19,0.83,2.04,9,,
NC,1977,0.98,0.19,0.81,1.98,9,,
ND,2015,1.57,0.35,1.32,3.25,1,,
ND,2014,1.67,0.35,1.39,3.41,1,,
ND,2013,1.68,0.32,1.37,3.38,1,,
ND,2012,1.75,0.3,1.37,3.42,1,,
ND,2011,1.66,0.26,1.26,3.18,1,,
ND,2010,1.49,0.25,1.19,2.93,2,,
ND,2009,1.59,0.24,1.13,2.96,2,,
ND,2008,1.6,0.23,1.11,2.94,2,,
ND,2007,1.53,0.23,1.06,2.82,2,,
ND,2006,1.5,0.2,1,2.7,3,,
ND,2005,1.48,0.18,0.94,2.6,2,,
ND,2004,1.49,0.18,0.82,2.49,3,,
ND,2003,1.53,0.17,0.86,2.56,2,,
ND,2002,1.51,0.16,0.83,2.5,3,,
ND,2001,1.46,0.15,0.81,2.42,3,,
ND,2000,1.47,0.15,0.79,2.4,3,,
ND,1999,1.49,0.15,0.78,2.42,3,,
ND,1998,1.45,0.13,0.76,2.35,3,,
ND,1997,1.4,0.13,0.77,2.3,4,,
ND,1996,1.4,0.13,0.77,2.3,4,,
ND,1995,1.36,0.16,0.77,2.28,4,,
ND,1994,1.39,0.15,0.78,2.32,4,,
ND,1993,1.37,0.15,0.84,2.36,4,,
ND,1992,1.38,0.15,0.85,2.39,5,,
ND,1991,1.43,0.16,0.86,2.44,4,,
ND,1990,1.47,0.17,0.93,2.56,4,,
ND,1989,1.41,0.17,0.86,2.44,6,,
ND,1988,1.41,0.19,0.88,2.48,6,,
ND,1987,1.37,0.21,0.89,2.47,6,,
ND,1986,1.34,0.22,0.87,2.44,7,,
ND,1985,1.34,0.19,0.96,2.5,7,,
ND,1984,1.41,0.17,0.99,2.56,6,,
ND,1983,1.49,0.17,1.05,2.71,6,,
ND,1982,1.52,0.18,1.09,2.79,5,,
ND,1981,1.53,0.18,1.14,2.85,5,,
ND,1980,1.52,0.17,1.13,2.82,5,,
ND,1979,1.46,0.16,1.1,2.72,5,,
ND,1978,1.45,0.16,1.15,2.76,5,,
ND,1977,1.35,0.15,1.12,2.62,6,,
OH,2015,1.17,0.3,0.56,2.03,9,,
OH,2014,1.19,0.3,0.54,2.03,9,,
OH,2013,1.22,0.3,0.53,2.04,8,,
OH,2012,1.23,0.29,0.51,2.03,9,,
OH,2011,1.21,0.28,0.49,1.98,9,,
OH,2010,1.29,0.25,0.48,2.02,8,,
OH,2009,1.28,0.27,0.47,2.01,8,,
OH,2008,1.32,0.26,0.46,2.04,9,,
OH,2007,1.33,0.25,0.45,2.03,9,,
OH,2006,1.32,0.24,0.44,2,9,,
OH,2005,1.32,0.23,0.43,1.98,9,,
OH,2004,1.33,0.22,0.42,1.96,9,,
OH,2003,1.33,0.22,0.4,1.95,9,,
OH,2002,1.34,0.21,0.39,1.94,8,,
OH,2001,1.33,0.21,0.39,1.93,9,,
OH,2000,1.3,0.21,0.38,1.89,8,,
OH,1999,1.32,0.2,0.37,1.9,8,,
OH,1998,1.31,0.19,0.44,1.95,8,,
OH,1997,1.28,0.19,0.43,1.89,8,,
OH,1996,1.3,0.18,0.43,1.91,8,,
OH,1995,1.28,0.17,0.43,1.88,8,,
OH,1994,1.31,0.16,0.37,1.85,9,,
OH,1993,1.29,0.16,0.5,1.95,8,,
OH,1992,1.32,0.17,0.5,1.98,8,,
OH,1991,1.33,0.18,0.51,2.03,8,,
OH,1990,1.34,0.22,0.53,2.09,8,,
OH,1989,1.36,0.22,0.51,2.09,8,,
OH,1988,1.35,0.24,0.55,2.13,8,,
OH,1987,1.35,0.24,0.59,2.18,8,,
OH,1986,1.32,0.25,0.6,2.18,8,,
OH,1985,1.37,0.25,0.59,2.21,8,,
OH,1984,1.41,0.25,0.61,2.27,8,,
OH,1983,1.36,0.22,0.65,2.23,8,,
OH,1982,1.4,0.22,0.66,2.28,8,,
OH,1981,1.35,0.22,0.68,2.25,8,,
OH,1980,1.39,0.21,0.72,2.33,8,,
OH,1979,1.35,0.19,0.7,2.25,8,,
OH,1978,1.19,0.2,0.7,2.08,9,,
OH,1977,1.16,0.18,0.7,2.03,8,,
OK,2015,1.07,0.19,0.63,1.89,10,,
OK,2014,1.09,0.19,0.63,1.91,10,,
OK,2013,1.11,0.19,0.62,1.93,9,,
OK,2012,1.14,0.19,0.61,1.94,10,,
OK,2011,1.13,0.19,0.59,1.91,9,,
OK,2010,1.15,0.18,0.58,1.92,9,,
OK,2009,1.17,0.18,0.58,1.93,9,,
OK,2008,1.22,0.18,0.58,1.97,9,,
OK,2007,1.17,0.17,0.57,1.91,9,,
OK,2006,1.14,0.17,0.56,1.87,10,,
OK,2005,1.09,0.16,0.55,1.81,10,,
OK,2004,1.11,0.13,0.46,1.7,10,,
OK,2003,1.06,0.13,0.74,1.93,9,,
OK,2002,1.12,0.13,0.58,1.82,10,,
OK,2001,1.11,0.12,0.43,1.65,10,,
OK,2000,1.11,0.12,0.44,1.68,10,,
OK,1999,1.11,0.12,0.44,1.68,10,,
OK,1998,1.12,0.12,0.43,1.68,10,,
OK,1997,1.1,0.12,0.43,1.65,10,,
OK,1996,1.09,0.12,0.45,1.66,10,,
OK,1995,1.1,0.12,0.44,1.66,10,,
OK,1994,1.15,0.13,0.5,1.78,9,,
OK,1993,1.11,0.11,0.48,1.7,10,,
OK,1992,1.13,0.13,0.55,1.81,9,,
OK,1991,1.09,0.13,0.54,1.76,10,,
OK,1990,1.12,0.14,0.55,1.81,10,,
OK,1989,1.08,0.14,0.54,1.75,10,,
OK,1988,1.07,0.14,0.52,1.73,10,,
OK,1987,1.06,0.15,0.58,1.79,10,,
OK,1986,1.06,0.15,0.62,1.84,10,,
OK,1985,1.05,0.15,0.68,1.88,10,,
OK,1984,1,0.16,0.74,1.91,10,,
OK,1983,1.04,0.16,0.77,1.97,9,,
OK,1982,1.15,0.16,0.82,2.14,9,,
OK,1981,1.14,0.16,0.83,2.13,9,,
OK,1980,1.07,0.16,0.71,1.94,9,,
OK,1979,1.03,0.13,0.78,1.94,9,,
OK,1978,1.05,0.14,0.8,2,9,,
OK,1977,1.04,0.13,0.77,1.95,9,,
OR,2015,1.22,0.58,0.9,2.7,4,,
OR,2014,1.23,0.57,0.9,2.69,4,,
OR,2013,1.2,0.57,0.89,2.66,4,,
OR,2012,1.2,0.57,0.89,2.66,4,,
OR,2011,1.18,0.56,0.85,2.59,3,,
OR,2010,1.19,0.49,0.83,2.51,4,,
OR,2009,1.28,0.49,0.82,2.59,3,,
OR,2008,1.22,0.49,0.83,2.54,4,,
OR,2007,1.3,0.5,0.81,2.6,3,,
OR,2006,1.27,0.49,0.78,2.55,3,,
OR,2005,1.16,0.5,0.75,2.4,5,,
OR,2004,1.23,0.49,0.72,2.44,4,,
OR,2003,1.2,0.47,0.69,2.36,5,,
OR,2002,1.22,0.46,0.66,2.34,4,,
OR,2001,1.22,0.43,0.65,2.3,4,,
OR,2000,1.2,0.44,0.64,2.28,5,,
OR,1999,1.21,0.43,0.63,2.27,5,,
OR,1998,1.2,0.43,0.61,2.25,4,,
OR,1997,1.19,0.44,0.6,2.24,5,,
OR,1996,1.23,0.44,0.61,2.27,5,,
OR,1995,1.21,0.42,0.59,2.23,5,,
OR,1994,1.23,0.37,0.62,2.21,6,,
OR,1993,1.24,0.43,0.64,2.31,5,,
OR,1992,1.29,0.46,0.67,2.41,4,,
OR,1991,1.28,0.44,0.67,2.38,5,,
OR,1990,1.32,0.47,0.73,2.51,5,,
OR,1989,1.28,0.47,0.7,2.46,5,,
OR,1988,1.29,0.52,0.72,2.52,5,,
OR,1987,1.28,0.53,0.73,2.54,5,,
OR,1986,1.28,0.55,0.74,2.57,6,,
OR,1985,1.25,0.55,0.77,2.58,6,,
OR,1984,1.28,0.53,0.82,2.63,6,,
OR,1983,1.32,0.53,0.85,2.7,6,,
OR,1982,1.32,0.52,0.88,2.72,6,,
OR,1981,1.37,0.5,0.92,2.79,6,,
OR,1980,1.36,0.5,0.94,2.81,5,,
OR,1979,1.36,0.47,0.94,2.77,5,,
OR,1978,1.32,0.46,0.96,2.74,5,,
OR,1977,1.3,0.45,0.94,2.7,5,,
PA,2015,1.31,0.32,0.7,2.33,6,,
PA,2014,1.32,0.32,0.7,2.34,6,,
PA,2013,1.34,0.31,0.68,2.33,6,,
PA,2012,1.36,0.31,0.67,2.34,6,,
PA,2011,1.34,0.3,0.66,2.3,6,,
PA,2010,1.35,0.29,0.64,2.28,6,,
PA,2009,1.35,0.28,0.63,2.25,7,,
PA,2008,1.34,0.26,0.61,2.21,7,,
PA,2007,1.32,0.25,0.58,2.15,8,,
PA,2006,1.29,0.23,0.55,2.07,8,,
PA,2005,1.29,0.23,0.55,2.07,8,,
PA,2004,1.3,0.23,0.53,2.06,8,,
PA,2003,1.3,0.22,0.51,2.04,8,,
PA,2002,1.35,0.21,0.49,2.05,8,,
PA,2001,1.32,0.2,0.48,2.01,8,,
PA,2000,1.21,0.2,0.47,1.89,9,,
PA,1999,1.2,0.2,0.46,1.86,9,,
PA,1998,1.21,0.18,0.45,1.85,9,,
PA,1997,1.2,0.18,0.45,1.82,9,,
PA,1996,1.22,0.17,0.45,1.84,9,,
PA,1995,1.23,0.17,0.45,1.85,9,,
PA,1994,1.28,0.18,0.47,1.93,8,,
PA,1993,1.31,0.17,0.48,1.96,8,,
PA,1992,1.3,0.18,0.51,1.99,8,,
PA,1991,1.36,0.17,0.52,2.05,8,,
PA,1990,1.42,0.18,0.55,2.15,8,,
PA,1989,1.38,0.18,0.57,2.13,8,,
PA,1988,1.41,0.19,0.54,2.14,8,,
PA,1987,1.4,0.2,0.62,2.22,8,,
PA,1986,1.4,0.21,0.64,2.25,8,,
PA,1985,1.38,0.21,0.65,2.23,8,,
PA,1984,1.38,0.21,0.67,2.26,8,,
PA,1983,1.41,0.22,0.67,2.31,8,,
PA,1982,1.44,0.23,0.7,2.37,8,,
PA,1981,1.42,0.23,0.72,2.38,8,,
PA,1980,1.45,0.22,0.71,2.39,7,,
PA,1979,1.4,0.22,0.72,2.34,8,,
PA,1978,1.35,0.21,0.73,2.3,8,,
PA,1977,1.34,0.2,0.74,2.27,8,,
RI,2015,0.96,0.57,0.99,2.52,5,,
RI,2014,1.02,0.51,0.86,2.39,5,,
RI,2013,1,0.58,0.98,2.56,4,,
RI,2012,1.03,0.59,0.97,2.58,4,,
RI,2011,1.04,0.58,0.94,2.56,4,,
RI,2010,1.07,0.56,0.92,2.55,3,,
RI,2009,1.07,0.55,0.85,2.47,5,,
RI,2008,1.09,0.52,0.84,2.46,5,,
RI,2007,1.1,0.53,0.82,2.45,5,,
RI,2006,1.07,0.51,0.83,2.41,5,,
RI,2005,0.98,0.49,0.82,2.29,6,,
RI,2004,1.13,0.5,0.8,2.42,5,,
RI,2003,1.13,0.51,0.8,2.45,3,,
RI,2002,1.17,0.48,0.74,2.4,4,,
RI,2001,1.19,0.46,0.7,2.36,4,,
RI,2000,1.16,0.46,0.7,2.31,4,,
RI,1999,1.14,0.45,0.69,2.28,4,,
RI,1998,1.14,0.47,0.63,2.24,5,,
RI,1997,1.22,0.44,0.64,2.3,4,,
RI,1996,1.16,0.42,0.66,2.24,5,,
RI,1995,1.19,0.38,0.63,2.2,6,,
RI,1994,1.23,0.38,0.66,2.27,5,,
RI,1993,1.22,0.36,0.69,2.27,6,,
RI,1992,1.24,0.39,0.7,2.33,6,,
RI,1991,1.33,0.37,0.71,2.41,4,,
RI,1990,1.31,0.44,0.79,2.54,5,,
RI,1989,1.35,0.46,0.86,2.67,3,,
RI,1988,1.38,0.49,0.96,2.82,3,,
RI,1987,1.39,0.51,0.93,2.83,3,,
RI,1986,1.4,0.53,0.92,2.85,3,,
RI,1985,1.4,0.51,1.03,2.93,3,,
RI,1984,1.37,0.52,1.03,2.92,3,,
RI,1983,1.48,0.5,1.06,3.04,3,,
RI,1982,1.34,0.55,1.04,2.94,4,,
RI,1981,1.36,0.53,1.04,2.92,4,,
RI,1980,1.46,0.53,1.13,3.13,3,,
RI,1979,1.42,0.49,1.08,2.98,4,,
RI,1978,1.37,0.48,1.13,2.98,4,,
RI,1977,1.35,0.42,1.09,2.86,4,,
SC,2015,1.21,0.25,0.79,2.25,7,,
SC,2014,1.23,0.25,0.8,2.28,7,,
SC,2013,1.26,0.25,0.8,2.31,7,,
SC,2012,1.28,0.25,0.79,2.32,6,,
SC,2011,1.28,0.25,0.78,2.3,6,,
SC,2010,1.3,0.24,0.76,2.3,6,,
SC,2009,1.34,0.24,0.76,2.34,5,,
SC,2008,1.39,0.24,0.76,2.39,5,,
SC,2007,1.42,0.24,0.76,2.42,5,,
SC,2006,1.45,0.24,0.76,2.44,5,,
SC,2005,1.41,0.24,0.75,2.4,5,,
SC,2004,1.39,0.24,0.76,2.38,5,,
SC,2003,1.38,0.23,0.74,2.35,5,,
SC,2002,1.4,0.22,0.67,2.3,5,,
SC,2001,1.4,0.22,0.65,2.27,5,,
SC,2000,1.45,0.22,0.72,2.39,3,,
SC,1999,1.43,0.22,0.72,2.37,3,,
SC,1998,1.42,0.21,0.72,2.35,3,,
SC,1997,1.4,0.2,0.71,2.32,4,,
SC,1996,1.39,0.21,0.71,2.31,4,,
SC,1995,1.38,0.19,0.68,2.25,5,,
SC,1994,1.38,0.17,0.74,2.29,4,,
SC,1993,1.36,0.2,0.75,2.3,5,,
SC,1992,1.34,0.2,0.79,2.33,5,,
SC,1991,1.34,0.22,0.84,2.41,5,,
SC,1990,1.44,0.25,0.92,2.61,4,,
SC,1989,1.39,0.24,0.86,2.49,5,,
SC,1988,1.38,0.26,0.9,2.54,5,,
SC,1987,1.35,0.27,0.89,2.52,6,,
SC,1986,1.31,0.27,0.93,2.52,6,,
SC,1985,1.28,0.25,1,2.53,6,,
SC,1984,1.27,0.24,1.01,2.52,7,,
SC,1983,1.27,0.2,1.02,2.49,7,,
SC,1982,1.23,0.2,0.99,2.43,7,,
SC,1981,1.24,0.19,1.04,2.48,7,,
SC,1980,1.22,0.18,1.06,2.45,7,,
SC,1979,1.18,0.16,1.12,2.45,7,,
SC,1978,1.14,0.17,1.15,2.45,7,,
SC,1977,1.12,0.16,1.09,2.37,7,,
SD,2015,1.48,0.29,1.02,2.79,3,,
SD,2014,1.5,0.25,0.98,2.73,3,,
SD,2013,1.52,0.28,1.01,2.81,2,,
SD,2012,1.54,0.26,0.96,2.76,3,,
SD,2011,1.5,0.28,0.97,2.76,2,,
SD,2010,1.52,0.24,0.92,2.69,3,,
SD,2009,1.54,0.22,0.89,2.65,3,,
SD,2008,1.57,0.22,0.87,2.66,3,,
SD,2007,1.53,0.22,0.87,2.61,3,,
SD,2006,1.52,0.19,0.79,2.51,4,,
SD,2005,1.5,0.19,0.83,2.53,3,,
SD,2004,1.51,0.18,0.76,2.45,4,,
SD,2003,1.52,0.16,0.74,2.41,4,,
SD,2002,1.51,0.15,0.67,2.33,4,,
SD,2001,1.47,0.15,0.71,2.32,4,,
SD,2000,1.44,0.15,0.69,2.28,5,,
SD,1999,1.43,0.14,0.7,2.27,5,,
SD,1998,1.42,0.13,0.68,2.24,5,,
SD,1997,1.36,0.13,0.69,2.18,6,,
SD,1996,1.36,0.13,0.68,2.18,6,,
SD,1995,1.34,0.12,0.73,2.2,6,,
SD,1994,1.38,0.12,0.73,2.24,5,,
SD,1993,1.35,0.12,0.73,2.2,6,,
SD,1992,1.37,0.15,0.74,2.26,6,,
SD,1991,1.37,0.15,0.76,2.27,6,,
SD,1990,1.36,0.18,0.8,2.34,6,,
SD,1989,1.3,0.15,0.72,2.17,7,,
SD,1988,1.25,0.16,0.79,2.21,8,,
SD,1987,1.27,0.2,0.81,2.28,8,,
SD,1986,1.26,0.2,0.83,2.29,8,,
SD,1985,1.23,0.18,0.95,2.35,8,,
SD,1984,1.28,0.17,0.9,2.35,7,,
SD,1983,1.31,0.17,0.96,2.44,7,,
SD,1982,1.29,0.18,0.97,2.44,7,,
SD,1981,1.31,0.19,1.04,2.54,7,,
SD,1980,1.3,0.18,1.07,2.56,7,,
SD,1979,1.23,0.17,1.04,2.44,7,,
SD,1978,1.2,0.17,1.05,2.42,7,,
SD,1977,1.16,0.17,1.07,2.39,7,,
TN,2015,1.03,0.27,0.76,2.06,9,,
TN,2014,1.03,0.25,0.72,2.01,9,,
TN,2013,1.05,0.25,0.7,2,9,,
TN,2012,1.07,0.25,0.68,2,9,,
TN,2011,1.13,0.24,0.66,2.04,8,,
TN,2010,1.04,0.22,0.61,1.88,10,,
TN,2009,1.05,0.21,0.57,1.82,10,,
TN,2008,1.09,0.2,0.57,1.86,10,,
TN,2007,1.13,0.2,0.56,1.89,10,,
TN,2006,1.14,0.19,0.56,1.89,9,,
TN,2005,1.19,0.19,0.55,1.92,9,,
TN,2004,1.22,0.18,0.53,1.93,9,,
TN,2003,1.27,0.18,0.52,1.96,8,,
TN,2002,1.17,0.17,0.51,1.86,9,,
TN,2001,1.13,0.16,0.5,1.79,9,,
TN,2000,1.21,0.16,0.51,1.88,9,,
TN,1999,1.21,0.15,0.49,1.85,9,,
TN,1998,1.19,0.15,0.5,1.84,9,,
TN,1997,1.16,0.15,0.5,1.81,9,,
TN,1996,1.18,0.15,0.51,1.84,9,,
TN,1995,1.18,0.15,0.51,1.83,9,,
TN,1994,1.18,0.15,0.53,1.86,9,,
TN,1993,1.2,0.14,0.54,1.87,9,,
TN,1992,1.21,0.14,0.56,1.9,9,,
TN,1991,1.19,0.13,0.54,1.87,9,,
TN,1990,1.22,0.14,0.6,1.96,9,,
TN,1989,1.2,0.14,0.6,1.93,9,,
TN,1988,1.22,0.15,0.61,1.97,9,,
TN,1987,1.19,0.15,0.63,1.97,9,,
TN,1986,1.18,0.16,0.63,1.98,9,,
TN,1985,1.12,0.16,0.68,1.97,9,,
TN,1984,1.11,0.15,0.7,1.97,9,,
TN,1983,1.11,0.14,0.7,1.95,10,,
TN,1982,1.13,0.14,0.7,1.97,10,,
TN,1981,1.14,0.13,0.71,1.98,10,,
TN,1980,1.1,0.12,0.69,1.91,9,,
TN,1979,1.1,0.11,0.7,1.91,10,,
TN,1978,1.12,0.1,0.7,1.93,9,,
TN,1977,1.07,0.1,0.69,1.86,10,,
TX,2015,1.28,0.33,0.67,2.28,6,,
TX,2014,1.25,0.33,0.65,2.23,7,,
TX,2013,1.3,0.32,0.63,2.25,7,,
TX,2012,1.33,0.32,0.63,2.28,7,,
TX,2011,1.35,0.31,0.61,2.27,7,,
TX,2010,1.35,0.29,0.59,2.23,7,,
TX,2009,1.41,0.28,0.58,2.26,7,,
TX,2008,1.43,0.27,0.58,2.28,7,,
TX,2007,1.41,0.27,0.56,2.24,7,,
TX,2006,1.43,0.26,0.55,2.24,7,,
TX,2005,1.43,0.25,0.53,2.2,7,,
TX,2004,1.45,0.24,0.52,2.21,7,,
TX,2003,1.46,0.23,0.51,2.19,7,,
TX,2002,1.49,0.22,0.5,2.21,6,,
TX,2001,1.51,0.21,0.49,2.21,6,,
TX,2000,1.53,0.22,0.5,2.25,5,,
TX,1999,1.54,0.2,0.49,2.23,6,,
TX,1998,1.53,0.2,0.5,2.22,5,,
TX,1997,1.54,0.19,0.47,2.2,5,,
TX,1996,1.56,0.2,0.49,2.24,5,,
TX,1995,1.55,0.19,0.5,2.25,5,,
TX,1994,1.6,0.2,0.51,2.31,4,,
TX,1993,1.6,0.2,0.53,2.33,4,,
TX,1992,1.65,0.24,0.55,2.45,4,,
TX,1991,1.6,0.25,0.55,2.4,5,,
TX,1990,1.64,0.26,0.58,2.47,6,,
TX,1989,1.62,0.27,0.58,2.46,5,,
TX,1988,1.61,0.28,0.59,2.47,6,,
TX,1987,1.62,0.29,0.61,2.52,6,,
TX,1986,1.67,0.31,0.65,2.63,5,,
TX,1985,1.68,0.3,0.73,2.71,5,,
TX,1984,1.73,0.28,0.79,2.8,4,,
TX,1983,1.72,0.27,0.79,2.78,5,,
TX,1982,1.83,0.18,0.84,2.84,4,,
TX,1981,1.84,0.24,0.85,2.94,4,,
TX,1980,1.75,0.22,0.8,2.77,6,,
TX,1979,1.7,0.14,0.84,2.68,6,,
TX,1978,1.64,0.14,0.82,2.6,6,,
TX,1977,1.59,0.14,0.78,2.51,6,,
UT,2015,0.65,0.2,0.54,1.39,10,,
UT,2014,0.66,0.19,0.52,1.36,10,,
UT,2013,0.67,0.19,0.51,1.36,10,,
UT,2012,0.69,0.19,0.5,1.37,10,,
UT,2011,0.68,0.18,0.49,1.36,10,,
UT,2010,0.7,0.18,0.47,1.35,10,,
UT,2009,0.72,0.17,0.47,1.36,10,,
UT,2008,0.77,0.17,0.47,1.41,10,,
UT,2007,0.78,0.16,0.44,1.38,10,,
UT,2006,0.73,0.16,0.44,1.33,10,,
UT,2005,0.7,0.16,0.41,1.27,10,,
UT,2004,0.75,0.15,0.39,1.3,10,,
UT,2003,0.76,0.14,0.39,1.29,10,,
UT,2002,0.77,0.14,0.39,1.3,10,,
UT,2001,0.76,0.14,0.39,1.28,10,,
UT,2000,0.77,0.14,0.4,1.3,10,,
UT,1999,0.79,0.13,0.38,1.3,10,,
UT,1998,0.73,0.13,0.37,1.23,10,,
UT,1997,0.76,0.13,0.39,1.28,10,,
UT,1996,0.77,0.13,0.37,1.27,10,,
UT,1995,0.75,0.11,0.37,1.23,10,,
UT,1994,0.76,0.09,0.38,1.24,10,,
UT,1993,0.78,0.11,0.39,1.28,10,,
UT,1992,0.79,0.12,0.42,1.33,10,,
UT,1991,0.8,0.12,0.43,1.34,10,,
UT,1990,0.8,0.12,0.46,1.39,10,,
UT,1989,0.81,0.13,0.47,1.41,10,,
UT,1988,0.82,0.14,0.48,1.45,10,,
UT,1987,0.84,0.15,0.49,1.49,10,,
UT,1986,0.88,0.16,0.52,1.57,10,,
UT,1985,0.89,0.15,0.53,1.57,10,,
UT,1984,0.89,0.14,0.52,1.55,10,,
UT,1983,0.89,0.14,0.51,1.54,10,,
UT,1982,1.01,0.15,0.55,1.7,10,,
UT,1981,1.02,0.15,0.59,1.75,10,,
UT,1980,0.96,0.14,0.6,1.7,10,,
UT,1979,0.94,0.15,0.59,1.68,10,,
UT,1978,0.93,0.14,0.59,1.66,10,,
UT,1977,0.94,0.13,0.57,1.64,10,,
VT,2015,1.57,0.78,0.73,3.08,2,,
VT,2014,1.55,0.78,0.72,3.05,2,,
VT,2013,1.54,0.74,0.72,3,2,,
VT,2012,1.51,0.7,0.71,2.92,2,,
VT,2011,1.4,0.68,0.71,2.79,2,,
VT,2010,1.38,0.64,0.71,2.73,2,,
VT,2009,1.36,0.64,0.7,2.7,3,,
VT,2008,1.37,0.63,0.71,2.71,3,,
VT,2007,1.37,0.62,0.7,2.69,2,,
VT,2006,1.35,0.6,0.69,2.64,3,,
VT,2005,1.34,0.57,0.68,2.58,3,,
VT,2004,1.34,0.55,0.66,2.56,3,,
VT,2003,1.34,0.52,0.65,2.5,3,,
VT,2002,1.34,0.51,0.63,2.47,3,,
VT,2001,1.3,0.48,0.63,2.41,3,,
VT,2000,1.23,0.49,0.63,2.35,4,,
VT,1999,1.23,0.48,0.62,2.33,4,,
VT,1998,1.25,0.46,0.62,2.33,4,,
VT,1997,1.23,0.45,0.63,2.31,4,,
VT,1996,1.29,0.43,0.64,2.36,3,,
VT,1995,1.27,0.41,0.66,2.35,3,,
VT,1994,1.34,0.42,0.74,2.5,3,,
VT,1993,1.34,0.44,0.74,2.52,2,,
VT,1992,1.35,0.44,0.78,2.57,3,,
VT,1991,1.41,0.46,0.82,2.69,2,,
VT,1990,1.47,0.48,0.85,2.8,2,,
VT,1989,1.49,0.53,0.89,2.91,2,,
VT,1988,1.54,0.57,0.95,3.05,2,,
VT,1987,1.58,0.59,1,3.18,1,,
VT,1986,1.57,0.6,1.06,3.22,1,,
VT,1985,1.51,0.56,1.1,3.17,2,,
VT,1984,1.49,0.49,1.16,3.15,2,,
VT,1983,1.53,0.5,1.2,3.23,2,,
VT,1982,1.48,0.5,1.24,3.22,2,,
VT,1981,1.49,0.5,1.34,3.32,2,,
VT,1980,1.43,0.48,1.38,3.29,2,,
VT,1979,1.53,0.46,1.47,3.46,1,,
VT,1978,1.5,0.46,1.56,3.52,1,,
VT,1977,1.4,0.44,1.55,3.38,1,,
VA,2015,1,0.48,0.64,2.12,8,,
VA,2014,1,0.47,0.63,2.11,8,,
VA,2013,1.02,0.46,0.62,2.1,8,,
VA,2012,1.04,0.46,0.62,2.12,8,,
VA,2011,1.05,0.46,0.61,2.12,8,,
VA,2010,1.08,0.44,0.6,2.12,8,,
VA,2009,1.1,0.42,0.58,2.11,8,,
VA,2008,1.12,0.42,0.58,2.12,8,,
VA,2007,1.13,0.41,0.57,2.1,8,,
VA,2006,1.13,0.39,0.56,2.08,8,,
VA,2005,1.13,0.38,0.54,2.05,8,,
VA,2004,1.14,0.37,0.53,2.04,8,,
VA,2003,1.14,0.36,0.52,2.02,8,,
VA,2002,1.15,0.34,0.51,2,8,,
VA,2001,1.15,0.32,0.5,1.97,8,,
VA,2000,1.16,0.31,0.49,1.97,8,,
VA,1999,1.18,0.32,0.48,1.97,8,,
VA,1998,1.18,0.3,0.47,1.95,8,,
VA,1997,1.13,0.29,0.48,1.9,8,,
VA,1996,1.13,0.3,0.49,1.92,8,,
VA,1995,1.15,0.29,0.5,1.94,8,,
VA,1994,1.2,0.27,0.51,1.99,8,,
VA,1993,1.24,0.27,0.54,2.05,8,,
VA,1992,1.25,0.28,0.57,2.1,7,,
VA,1991,1.2,0.28,0.58,2.06,8,,
VA,1990,1.25,0.3,0.62,2.18,8,,
VA,1989,1.23,0.31,0.65,2.18,7,,
VA,1988,1.31,0.25,0.67,2.24,7,,
VA,1987,1.39,0.25,0.7,2.35,7,,
VA,1986,1.52,0.27,0.73,2.52,6,,
VA,1985,1.45,0.3,0.79,2.54,6,,
VA,1984,1.46,0.29,0.8,2.55,6,,
VA,1983,1.47,0.27,0.82,2.56,6,,
VA,1982,1.46,0.27,0.86,2.59,6,,
VA,1981,1.23,0.27,0.89,2.39,7,,
VA,1980,1.23,0.25,0.9,2.38,8,,
VA,1979,1.21,0.25,0.9,2.36,8,,
VA,1978,1.2,0.21,0.89,2.3,8,,
VA,1977,1.17,0.21,0.89,2.27,7,,
WA,2015,0.97,0.52,0.77,2.26,7,,
WA,2014,0.97,0.53,0.76,2.25,7,,
WA,2013,0.95,0.53,0.76,2.24,7,,
WA,2012,0.96,0.53,0.76,2.25,7,,
WA,2011,0.93,0.54,0.75,2.21,7,,
WA,2010,0.97,0.52,0.73,2.22,7,,
WA,2009,1.09,0.51,0.74,2.33,6,,
WA,2008,1.09,0.5,0.75,2.35,6,,
WA,2007,1.11,0.5,0.74,2.35,6,,
WA,2006,1.05,0.48,0.72,2.25,6,,
WA,2005,1.11,0.55,0.68,2.34,5,,
WA,2004,1.11,0.53,0.66,2.3,6,,
WA,2003,1.06,0.47,0.68,2.2,6,,
WA,2002,1.08,0.43,0.66,2.17,7,,
WA,2001,1.08,0.4,0.65,2.13,7,,
WA,2000,1.09,0.41,0.66,2.16,7,,
WA,1999,1.1,0.4,0.63,2.13,7,,
WA,1998,1.12,0.39,0.63,2.14,6,,
WA,1997,1.11,0.42,0.63,2.17,6,,
WA,1996,1.13,0.4,0.63,2.16,6,,
WA,1995,1.14,0.4,0.63,2.17,6,,
WA,1994,1.18,0.39,0.65,2.23,6,,
WA,1993,1.19,0.39,0.69,2.27,5,,
WA,1992,1.26,0.46,0.72,2.44,4,,
WA,1991,1.23,0.43,0.73,2.39,5,,
WA,1990,1.27,0.46,0.76,2.49,5,,
WA,1989,1.25,0.47,0.76,2.47,5,,
WA,1988,1.23,0.5,0.77,2.51,6,,
WA,1987,1.24,0.56,0.79,2.59,5,,
WA,1986,1.23,0.61,0.82,2.66,5,,
WA,1985,1.21,0.59,0.87,2.67,5,,
WA,1984,1.23,0.57,0.91,2.7,5,,
WA,1983,1.29,0.54,0.94,2.76,5,,
WA,1982,1.32,0.52,0.98,2.83,5,,
WA,1981,1.38,0.54,1.04,2.96,4,,
WA,1980,1.51,0.51,1.08,3.1,4,,
WA,1979,1.39,0.47,1.08,2.94,4,,
WA,1978,1.36,0.47,1.07,2.91,4,,
WA,1977,1.34,0.45,1.06,2.85,4,,
WV,2015,1.14,0.1,0.47,1.71,10,,
WV,2014,1.21,0.1,0.47,1.78,10,,
WV,2013,1.24,0.1,0.46,1.8,10,,
WV,2012,1.24,0.1,0.47,1.8,10,,
WV,2011,1.22,0.1,0.46,1.78,10,,
WV,2010,1.23,0.1,0.44,1.78,10,,
WV,2009,1.22,0.1,0.44,1.76,10,,
WV,2008,1.24,0.1,0.43,1.78,10,,
WV,2007,1.22,0.1,0.42,1.74,10,,
WV,2006,1.21,0.1,0.41,1.72,10,,
WV,2005,1.23,0.1,0.4,1.73,10,,
WV,2004,1.25,0.1,0.39,1.75,10,,
WV,2003,1.23,0.1,0.38,1.72,10,,
WV,2002,1.26,0.1,0.38,1.74,10,,
WV,2001,1.23,0.1,0.37,1.7,10,,
WV,2000,1.18,0.1,0.36,1.64,10,,
WV,1999,1.18,0.1,0.37,1.66,10,,
WV,1998,1.17,0.09,0.36,1.63,10,,
WV,1997,1.14,0.09,0.37,1.6,10,,
WV,1996,1.14,0.09,0.37,1.61,10,,
WV,1995,1.14,0.08,0.38,1.6,10,,
WV,1994,1.17,0.08,0.39,1.64,10,,
WV,1993,1.18,0.08,0.4,1.67,10,,
WV,1992,1.16,0.09,0.41,1.66,10,,
WV,1991,1.18,0.09,0.43,1.7,10,,
WV,1990,1.2,0.1,0.42,1.72,10,,
WV,1989,1.15,0.11,0.39,1.65,10,,
WV,1988,1.15,0.12,0.41,1.68,10,,
WV,1987,1.13,0.13,0.41,1.68,10,,
WV,1986,1.12,0.13,0.42,1.67,10,,
WV,1985,1.13,0.13,0.42,1.69,10,,
WV,1984,1.13,0.12,0.45,1.7,10,,
WV,1983,1.14,0.13,0.49,1.76,10,,
WV,1982,1.11,0.14,0.55,1.8,10,,
WV,1981,1.05,0.14,0.65,1.85,10,,
WV,1980,1,0.09,0.72,1.81,10,,
WV,1979,0.94,0.09,0.75,1.77,10,,
WV,1978,0.93,0.09,0.76,1.78,10,,
WV,1977,0.95,0.09,0.76,1.8,10,,
WI,2015,1.39,0.39,1.2,2.98,2,,
WI,2014,1.41,0.38,1.18,2.97,2,,
WI,2013,1.45,0.38,1.17,2.99,2,,
WI,2012,1.46,0.37,1.18,3.02,2,,
WI,2011,1.44,0.37,1.16,2.97,2,,
WI,2010,1.48,0.32,1.13,2.93,2,,
WI,2009,1.49,0.31,1.16,2.96,2,,
WI,2008,1.54,0.34,1.13,3,1,,
WI,2007,1.54,0.33,1.11,2.98,1,,
WI,2006,1.56,0.32,1.09,2.97,1,,
WI,2005,1.55,0.31,1.07,2.93,1,,
WI,2004,1.53,0.3,1.02,2.85,1,,
WI,2003,1.53,0.29,1,2.82,2,,
WI,2002,1.56,0.28,0.98,2.82,2,,
WI,2001,1.54,0.26,0.95,2.75,2,,
WI,2000,1.53,0.27,0.95,2.76,1,,
WI,1999,1.53,0.26,0.92,2.72,2,,
WI,1998,1.61,0.26,0.9,2.77,1,,
WI,1997,1.57,0.25,0.89,2.71,1,,
WI,1996,1.53,0.24,0.88,2.65,1,,
WI,1995,1.55,0.23,0.87,2.65,1,,
WI,1994,1.58,0.22,0.91,2.72,2,,
WI,1993,1.59,0.22,0.89,2.71,1,,
WI,1992,1.59,0.25,0.9,2.74,2,,
WI,1991,1.65,0.27,0.84,2.76,1,,
WI,1990,1.74,0.31,1.03,3.07,1,,
WI,1989,1.72,0.31,0.96,2.99,1,,
WI,1988,1.76,0.33,0.95,3.05,2,,
WI,1987,1.8,0.36,0.98,3.14,2,,
WI,1986,1.88,0.34,0.96,3.18,2,,
WI,1985,1.83,0.32,1.06,3.2,1,,
WI,1984,1.87,0.31,1.03,3.21,1,,
WI,1983,1.94,0.34,1.07,3.35,2,,
WI,1982,1.95,0.3,1.05,3.3,2,,
WI,1981,1.96,0.32,1.21,3.48,1,,
WI,1980,1.95,0.31,1.19,3.45,1,,
WI,1979,1.92,0.28,1.19,3.39,2,,
WI,1978,1.83,0.28,1.2,3.31,2,,
WI,1977,1.81,0.27,1.28,3.37,1,,
WY,2015,1.24,0.31,1.18,2.74,3,,
WY,2014,1.25,0.31,1.16,2.72,3,,
WY,2013,1.24,0.29,1.13,2.66,4,,
WY,2012,1.32,0.28,1.13,2.73,3,,
WY,2011,1.29,0.27,1.1,2.66,3,,
WY,2010,1.33,0.27,1.06,2.66,3,,
WY,2009,1.4,0.27,1.06,2.73,2,,
WY,2008,1.5,0.27,1.09,2.87,2,,
WY,2007,1.46,0.27,1.07,2.8,2,,
WY,2006,1.44,0.26,1.03,2.72,2,,
WY,2005,1.2,0.25,0.96,2.41,4,,
WY,2004,1.42,0.24,0.92,2.58,2,,
WY,2003,1.7,0.23,0.9,2.84,1,,
WY,2002,1.46,0.23,0.88,2.57,2,,
WY,2001,1.44,0.22,0.88,2.53,2,,
WY,2000,1.42,0.22,0.86,2.5,3,,
WY,1999,1.41,0.22,0.84,2.47,2,,
WY,1998,1.38,0.17,0.81,2.36,3,,
WY,1997,1.36,0.17,0.81,2.34,3,,
WY,1996,1.37,0.17,0.81,2.35,3,,
WY,1995,1.34,0.16,0.8,2.29,4,,
WY,1994,1.42,0.18,0.83,2.43,3,,
WY,1993,1.4,0.19,0.86,2.45,3,,
WY,1992,1.44,0.2,0.91,2.56,3,,
WY,1991,1.45,0.2,0.9,2.56,3,,
WY,1990,1.48,0.22,0.93,2.63,3,,
WY,1989,1.41,0.23,0.86,2.5,5,,
WY,1988,1.45,0.24,0.87,2.56,5,,
WY,1987,1.51,0.25,0.9,2.66,5,,
WY,1986,1.51,0.27,0.96,2.73,4,,
WY,1985,1.59,0.25,1.05,2.89,3,,
WY,1984,1.61,0.23,1.06,2.89,4,,
WY,1983,1.68,0.22,1.11,3.01,4,,
WY,1982,1.78,0.24,1.2,3.22,3,,
WY,1981,1.91,0.24,1.27,3.43,2,,
WY,1980,1.85,0.24,1.32,3.41,2,,
WY,1979,1.86,0.22,1.3,3.39,2,,
WY,1978,1.81,0.22,1.35,3.38,2,,
WY,1977,1.78,0.2,1.31,3.29,2,,
